{"data":[{"Properties":{"domain":"ITTECH.CORP","name":"WSPOLICY@ITTECH.CORP","distinguishedname":"CN={FCF01B26-82B1-4990-A388-CFB0923227EE},CN=POLICIES,CN=SYSTEM,DC=ITTECH,DC=CORP","domainsid":"S-1-5-21-2114632580-3846802281-445514413","highvalue":false,"description":null,"whencreated":1683553034,"gpcpath":"\\\\ITTECH.CORP\\SYSVOL\\ITTECH.CORP\\POLICIES\\{FCF01B26-82B1-4990-A388-CFB0923227EE}"},"Aces":[{"PrincipalSID":"S-1-5-21-2114632580-3846802281-445514413-512","PrincipalType":"Group","RightName":"Owns","IsInherited":false},{"PrincipalSID":"S-1-5-21-2114632580-3846802281-445514413-512","PrincipalType":"Group","RightName":"WriteDacl","IsInherited":false},{"PrincipalSID":"S-1-5-21-2114632580-3846802281-445514413-512","PrincipalType":"Group","RightName":"WriteOwner","IsInherited":false},{"PrincipalSID":"S-1-5-21-2114632580-3846802281-445514413-512","PrincipalType":"Group","RightName":"GenericWrite","IsInherited":false},{"PrincipalSID":"S-1-5-21-2114632580-3846802281-445514413-519","PrincipalType":"Group","RightName":"WriteDacl","IsInherited":false},{"PrincipalSID":"S-1-5-21-2114632580-3846802281-445514413-519","PrincipalType":"Group","RightName":"WriteOwner","IsInherited":false},{"PrincipalSID":"S-1-5-21-2114632580-3846802281-445514413-519","PrincipalType":"Group","RightName":"GenericWrite","IsInherited":false}],"ObjectIdentifier":"ADAA0D0A-A11D-4753-9269-4A51A1DC57F3","IsDeleted":false,"IsACLProtected":true},{"Properties":{"domain":"ITTECH.CORP","name":"DEFAULT DOMAIN POLICY@ITTECH.CORP","distinguishedname":"CN={31B2F340-016D-11D2-945F-00C04FB984F9},CN=POLICIES,CN=SYSTEM,DC=ITTECH,DC=CORP","domainsid":"S-1-5-21-2114632580-3846802281-445514413","highvalue":false,"description":null,"whencreated":1682676615,"gpcpath":"\\\\ITTECH.CORP\\SYSVOL\\ITTECH.CORP\\POLICIES\\{31B2F340-016D-11D2-945F-00C04FB984F9}"},"Aces":[{"PrincipalSID":"S-1-5-21-2114632580-3846802281-445514413-512","PrincipalType":"Group","RightName":"Owns","IsInherited":false},{"PrincipalSID":"S-1-5-21-2114632580-3846802281-445514413-512","PrincipalType":"Group","RightName":"WriteDacl","IsInherited":false},{"PrincipalSID":"S-1-5-21-2114632580-3846802281-445514413-512","PrincipalType":"Group","RightName":"WriteOwner","IsInherited":false},{"PrincipalSID":"S-1-5-21-2114632580-3846802281-445514413-512","PrincipalType":"Group","RightName":"GenericWrite","IsInherited":false},{"PrincipalSID":"S-1-5-21-2114632580-3846802281-445514413-512","PrincipalType":"Group","RightName":"WriteDacl","IsInherited":false},{"PrincipalSID":"S-1-5-21-2114632580-3846802281-445514413-512","PrincipalType":"Group","RightName":"WriteOwner","IsInherited":false},{"PrincipalSID":"S-1-5-21-2114632580-3846802281-445514413-512","PrincipalType":"Group","RightName":"GenericWrite","IsInherited":false},{"PrincipalSID":"S-1-5-21-2114632580-3846802281-445514413-519","PrincipalType":"Group","RightName":"WriteDacl","IsInherited":false},{"PrincipalSID":"S-1-5-21-2114632580-3846802281-445514413-519","PrincipalType":"Group","RightName":"WriteOwner","IsInherited":false},{"PrincipalSID":"S-1-5-21-2114632580-3846802281-445514413-519","PrincipalType":"Group","RightName":"GenericWrite","IsInherited":false}],"ObjectIdentifier":"FCE6B086-32EF-4DFB-A8B7-0CB27D0218A0","IsDeleted":false,"IsACLProtected":true},{"Properties":{"domain":"ITTECH.CORP","name":"DEFAULT DOMAIN CONTROLLERS POLICY@ITTECH.CORP","distinguishedname":"CN={6AC1786C-016F-11D2-945F-00C04FB984F9},CN=POLICIES,CN=SYSTEM,DC=ITTECH,DC=CORP","domainsid":"S-1-5-21-2114632580-3846802281-445514413","highvalue":false,"description":null,"whencreated":1682676615,"gpcpath":"\\\\ITTECH.CORP\\SYSVOL\\ITTECH.CORP\\POLICIES\\{6AC1786C-016F-11D2-945F-00C04FB984F9}"},"Aces":[{"PrincipalSID":"S-1-5-21-2114632580-3846802281-445514413-512","PrincipalType":"Group","RightName":"Owns","IsInherited":false},{"PrincipalSID":"S-1-5-21-2114632580-3846802281-445514413-512","PrincipalType":"Group","RightName":"WriteDacl","IsInherited":false},{"PrincipalSID":"S-1-5-21-2114632580-3846802281-445514413-512","PrincipalType":"Group","RightName":"WriteOwner","IsInherited":false},{"PrincipalSID":"S-1-5-21-2114632580-3846802281-445514413-512","PrincipalType":"Group","RightName":"GenericWrite","IsInherited":false},{"PrincipalSID":"S-1-5-21-2114632580-3846802281-445514413-512","PrincipalType":"Group","RightName":"WriteDacl","IsInherited":false},{"PrincipalSID":"S-1-5-21-2114632580-3846802281-445514413-512","PrincipalType":"Group","RightName":"WriteOwner","IsInherited":false},{"PrincipalSID":"S-1-5-21-2114632580-3846802281-445514413-512","PrincipalType":"Group","RightName":"GenericWrite","IsInherited":false},{"PrincipalSID":"S-1-5-21-2114632580-3846802281-445514413-519","PrincipalType":"Group","RightName":"WriteDacl","IsInherited":false},{"PrincipalSID":"S-1-5-21-2114632580-3846802281-445514413-519","PrincipalType":"Group","RightName":"WriteOwner","IsInherited":false},{"PrincipalSID":"S-1-5-21-2114632580-3846802281-445514413-519","PrincipalType":"Group","RightName":"GenericWrite","IsInherited":false}],"ObjectIdentifier":"BED9C159-F542-46C1-BE36-F2028873DB5D","IsDeleted":false,"IsACLProtected":true}],"meta":{"methods":29675,"type":"gpos","count":3,"version":5}}
