{"data":[{"GPOChanges":{"LocalAdmins":[],"RemoteDesktopUsers":[],"DcomUsers":[],"PSRemoteUsers":[],"AffectedComputers":[]},"Properties":{"domain":"ITTECH.CORP","name":"DOMAIN CONTROLLERS@ITTECH.CORP","distinguishedname":"OU=DOMAIN CONTROLLERS,DC=ITTECH,DC=CORP","domainsid":"S-1-5-21-2114632580-3846802281-445514413","highvalue":false,"description":"Default container for domain controllers","whencreated":1682676615,"blocksinheritance":false},"Links":[{"IsEnforced":false,"GUID":"BED9C159-F542-46C1-BE36-F2028873DB5D"}],"ChildObjects":[{"ObjectIdentifier":"S-1-5-21-2114632580-3846802281-445514413-1000","ObjectType":"Computer"}],"Aces":[{"PrincipalSID":"S-1-5-21-2114632580-3846802281-445514413-512","PrincipalType":"Group","RightName":"Owns","IsInherited":false},{"PrincipalSID":"S-1-5-21-2114632580-3846802281-445514413-512","PrincipalType":"Group","RightName":"WriteDacl","IsInherited":false},{"PrincipalSID":"S-1-5-21-2114632580-3846802281-445514413-512","PrincipalType":"Group","RightName":"WriteOwner","IsInherited":false},{"PrincipalSID":"S-1-5-21-2114632580-3846802281-445514413-519","PrincipalType":"Group","RightName":"GenericAll","IsInherited":true},{"PrincipalSID":"ITTECH.CORP-S-1-5-32-544","PrincipalType":"Group","RightName":"WriteDacl","IsInherited":true},{"PrincipalSID":"ITTECH.CORP-S-1-5-32-544","PrincipalType":"Group","RightName":"WriteOwner","IsInherited":true}],"ObjectIdentifier":"22DFE519-A789-4B0D-A929-D6C44C6E966D","IsDeleted":false,"IsACLProtected":false},{"GPOChanges":{"LocalAdmins":[],"RemoteDesktopUsers":[],"DcomUsers":[],"PSRemoteUsers":[],"AffectedComputers":[]},"Properties":{"domain":"ITTECH.CORP","name":"MANAGEDWORKSTATIONS@ITTECH.CORP","distinguishedname":"OU=MANAGEDWORKSTATIONS,DC=ITTECH,DC=CORP","domainsid":"S-1-5-21-2114632580-3846802281-445514413","highvalue":false,"description":null,"whencreated":1683552695,"blocksinheritance":false},"Links":[{"IsEnforced":false,"GUID":"ADAA0D0A-A11D-4753-9269-4A51A1DC57F3"}],"ChildObjects":[{"ObjectIdentifier":"S-1-5-21-2114632580-3846802281-445514413-1103","ObjectType":"Computer"}],"Aces":[{"PrincipalSID":"S-1-5-21-2114632580-3846802281-445514413-512","PrincipalType":"Group","RightName":"Owns","IsInherited":false},{"PrincipalSID":"S-1-5-21-2114632580-3846802281-445514413-512","PrincipalType":"Group","RightName":"GenericAll","IsInherited":false},{"PrincipalSID":"S-1-5-21-2114632580-3846802281-445514413-519","PrincipalType":"Group","RightName":"GenericAll","IsInherited":true},{"PrincipalSID":"ITTECH.CORP-S-1-5-32-544","PrincipalType":"Group","RightName":"WriteDacl","IsInherited":true},{"PrincipalSID":"ITTECH.CORP-S-1-5-32-544","PrincipalType":"Group","RightName":"WriteOwner","IsInherited":true}],"ObjectIdentifier":"FF4BB25A-8481-4B1D-BB10-B4E4357FFFA0","IsDeleted":false,"IsACLProtected":false}],"meta":{"methods":29675,"type":"ous","count":2,"version":5}}
