{"data":[{"Properties":{"domain":"ITTECH.CORP","name":"WMIGPO@ITTECH.CORP","distinguishedname":"CN=WMIGPO,CN=WMIPOLICY,CN=SYSTEM,DC=ITTECH,DC=CORP","domainsid":"S-1-5-21-2114632580-3846802281-445514413","highvalue":false},"ChildObjects":[],"Aces":[{"PrincipalSID":"S-1-5-21-2114632580-3846802281-445514413-512","PrincipalType":"Group","RightName":"Owns","IsInherited":false},{"PrincipalSID":"S-1-5-21-2114632580-3846802281-445514413-512","PrincipalType":"Group","RightName":"WriteDacl","IsInherited":false},{"PrincipalSID":"S-1-5-21-2114632580-3846802281-445514413-512","PrincipalType":"Group","RightName":"WriteOwner","IsInherited":false},{"PrincipalSID":"S-1-5-21-2114632580-3846802281-445514413-519","PrincipalType":"Group","RightName":"GenericAll","IsInherited":true},{"PrincipalSID":"S-1-5-21-2114632580-3846802281-445514413-512","PrincipalType":"Group","RightName":"GenericAll","IsInherited":true}],"ObjectIdentifier":"D4703138-AD36-44D6-9F2F-21A836F42E86","IsDeleted":false,"IsACLProtected":false},{"Properties":{"domain":"ITTECH.CORP","name":"POLICYTYPE@ITTECH.CORP","distinguishedname":"CN=POLICYTYPE,CN=WMIPOLICY,CN=SYSTEM,DC=ITTECH,DC=CORP","domainsid":"S-1-5-21-2114632580-3846802281-445514413","highvalue":false},"ChildObjects":[],"Aces":[{"PrincipalSID":"S-1-5-21-2114632580-3846802281-445514413-512","PrincipalType":"Group","RightName":"Owns","IsInherited":false},{"PrincipalSID":"S-1-5-21-2114632580-3846802281-445514413-512","PrincipalType":"Group","RightName":"WriteDacl","IsInherited":false},{"PrincipalSID":"S-1-5-21-2114632580-3846802281-445514413-512","PrincipalType":"Group","RightName":"WriteOwner","IsInherited":false},{"PrincipalSID":"S-1-5-21-2114632580-3846802281-445514413-519","PrincipalType":"Group","RightName":"GenericAll","IsInherited":true},{"PrincipalSID":"S-1-5-21-2114632580-3846802281-445514413-512","PrincipalType":"Group","RightName":"GenericAll","IsInherited":true}],"ObjectIdentifier":"C4F9DC4C-960B-48C9-AD5C-EA64520F24B8","IsDeleted":false,"IsACLProtected":false},{"Properties":{"domain":"ITTECH.CORP","name":"WMIPOLICY@ITTECH.CORP","distinguishedname":"CN=WMIPOLICY,CN=SYSTEM,DC=ITTECH,DC=CORP","domainsid":"S-1-5-21-2114632580-3846802281-445514413","highvalue":false},"ChildObjects":[],"Aces":[{"PrincipalSID":"S-1-5-21-2114632580-3846802281-445514413-512","PrincipalType":"Group","RightName":"Owns","IsInherited":false},{"PrincipalSID":"S-1-5-21-2114632580-3846802281-445514413-512","PrincipalType":"Group","RightName":"GenericAll","IsInherited":false},{"PrincipalSID":"S-1-5-21-2114632580-3846802281-445514413-519","PrincipalType":"Group","RightName":"GenericAll","IsInherited":false}],"ObjectIdentifier":"08CEA466-A861-4B92-9066-972D5A24A08F","IsDeleted":false,"IsACLProtected":true},{"Properties":{"domain":"ITTECH.CORP","name":"POLICYTEMPLATE@ITTECH.CORP","distinguishedname":"CN=POLICYTEMPLATE,CN=WMIPOLICY,CN=SYSTEM,DC=ITTECH,DC=CORP","domainsid":"S-1-5-21-2114632580-3846802281-445514413","highvalue":false},"ChildObjects":[],"Aces":[{"PrincipalSID":"S-1-5-21-2114632580-3846802281-445514413-512","PrincipalType":"Group","RightName":"Owns","IsInherited":false},{"PrincipalSID":"S-1-5-21-2114632580-3846802281-445514413-512","PrincipalType":"Group","RightName":"WriteDacl","IsInherited":false},{"PrincipalSID":"S-1-5-21-2114632580-3846802281-445514413-512","PrincipalType":"Group","RightName":"WriteOwner","IsInherited":false},{"PrincipalSID":"S-1-5-21-2114632580-3846802281-445514413-519","PrincipalType":"Group","RightName":"GenericAll","IsInherited":true},{"PrincipalSID":"S-1-5-21-2114632580-3846802281-445514413-512","PrincipalType":"Group","RightName":"GenericAll","IsInherited":true}],"ObjectIdentifier":"1DDEEC97-E11A-4000-B290-BCA19D1AB3A5","IsDeleted":false,"IsACLProtected":false},{"Properties":{"domain":"ITTECH.CORP","name":"SOM@ITTECH.CORP","distinguishedname":"CN=SOM,CN=WMIPOLICY,CN=SYSTEM,DC=ITTECH,DC=CORP","domainsid":"S-1-5-21-2114632580-3846802281-445514413","highvalue":false},"ChildObjects":[],"Aces":[{"PrincipalSID":"S-1-5-21-2114632580-3846802281-445514413-512","PrincipalType":"Group","RightName":"Owns","IsInherited":false},{"PrincipalSID":"S-1-5-21-2114632580-3846802281-445514413-512","PrincipalType":"Group","RightName":"GenericAll","IsInherited":false},{"PrincipalSID":"S-1-5-21-2114632580-3846802281-445514413-519","PrincipalType":"Group","RightName":"GenericAll","IsInherited":false}],"ObjectIdentifier":"17DBA3B8-3461-4886-A13B-DBF7F45971FD","IsDeleted":false,"IsACLProtected":true},{"Properties":{"domain":"ITTECH.CORP","name":"ADMINSDHOLDER@ITTECH.CORP","distinguishedname":"CN=ADMINSDHOLDER,CN=SYSTEM,DC=ITTECH,DC=CORP","domainsid":"S-1-5-21-2114632580-3846802281-445514413","highvalue":false},"ChildObjects":[],"Aces":[{"PrincipalSID":"S-1-5-21-2114632580-3846802281-445514413-512","PrincipalType":"Group","RightName":"Owns","IsInherited":false},{"PrincipalSID":"ITTECH.CORP-S-1-5-32-544","PrincipalType":"Group","RightName":"WriteDacl","IsInherited":false},{"PrincipalSID":"ITTECH.CORP-S-1-5-32-544","PrincipalType":"Group","RightName":"WriteOwner","IsInherited":false},{"PrincipalSID":"S-1-5-21-2114632580-3846802281-445514413-512","PrincipalType":"Group","RightName":"WriteDacl","IsInherited":false},{"PrincipalSID":"S-1-5-21-2114632580-3846802281-445514413-512","PrincipalType":"Group","RightName":"WriteOwner","IsInherited":false},{"PrincipalSID":"S-1-5-21-2114632580-3846802281-445514413-519","PrincipalType":"Group","RightName":"WriteDacl","IsInherited":false},{"PrincipalSID":"S-1-5-21-2114632580-3846802281-445514413-519","PrincipalType":"Group","RightName":"WriteOwner","IsInherited":false}],"ObjectIdentifier":"E49A1B28-03E4-4522-B7C5-35D7276CE75C","IsDeleted":false,"IsACLProtected":true},{"Properties":{"domain":"ITTECH.CORP","name":"COMPUTERS@ITTECH.CORP","distinguishedname":"CN=COMPUTERS,DC=ITTECH,DC=CORP","domainsid":"S-1-5-21-2114632580-3846802281-445514413","highvalue":false},"ChildObjects":[],"Aces":[{"PrincipalSID":"S-1-5-21-2114632580-3846802281-445514413-512","PrincipalType":"Group","RightName":"Owns","IsInherited":false},{"PrincipalSID":"S-1-5-21-2114632580-3846802281-445514413-512","PrincipalType":"Group","RightName":"WriteDacl","IsInherited":false},{"PrincipalSID":"S-1-5-21-2114632580-3846802281-445514413-512","PrincipalType":"Group","RightName":"WriteOwner","IsInherited":false},{"PrincipalSID":"S-1-5-21-2114632580-3846802281-445514413-519","PrincipalType":"Group","RightName":"GenericAll","IsInherited":true},{"PrincipalSID":"ITTECH.CORP-S-1-5-32-544","PrincipalType":"Group","RightName":"WriteDacl","IsInherited":true},{"PrincipalSID":"ITTECH.CORP-S-1-5-32-544","PrincipalType":"Group","RightName":"WriteOwner","IsInherited":true}],"ObjectIdentifier":"57DB6D2E-AFC9-49EA-B0C5-E22206EDEE4C","IsDeleted":false,"IsACLProtected":false},{"Properties":{"domain":"ITTECH.CORP","name":"PSPS@ITTECH.CORP","distinguishedname":"CN=PSPS,CN=SYSTEM,DC=ITTECH,DC=CORP","domainsid":"S-1-5-21-2114632580-3846802281-445514413","highvalue":false},"ChildObjects":[],"Aces":[{"PrincipalSID":"S-1-5-21-2114632580-3846802281-445514413-512","PrincipalType":"Group","RightName":"Owns","IsInherited":false},{"PrincipalSID":"S-1-5-21-2114632580-3846802281-445514413-512","PrincipalType":"Group","RightName":"GenericAll","IsInherited":false},{"PrincipalSID":"S-1-5-21-2114632580-3846802281-445514413-519","PrincipalType":"Group","RightName":"GenericAll","IsInherited":true},{"PrincipalSID":"ITTECH.CORP-S-1-5-32-544","PrincipalType":"Group","RightName":"WriteDacl","IsInherited":true},{"PrincipalSID":"ITTECH.CORP-S-1-5-32-544","PrincipalType":"Group","RightName":"WriteOwner","IsInherited":true}],"ObjectIdentifier":"B6A0FDF1-BA91-4D7A-9F34-87A619346DAE","IsDeleted":false,"IsACLProtected":false},{"Properties":{"domain":"ITTECH.CORP","name":"FOREIGNSECURITYPRINCIPALS@ITTECH.CORP","distinguishedname":"CN=FOREIGNSECURITYPRINCIPALS,DC=ITTECH,DC=CORP","domainsid":"S-1-5-21-2114632580-3846802281-445514413","highvalue":false},"ChildObjects":[],"Aces":[{"PrincipalSID":"S-1-5-21-2114632580-3846802281-445514413-512","PrincipalType":"Group","RightName":"Owns","IsInherited":false},{"PrincipalSID":"S-1-5-21-2114632580-3846802281-445514413-512","PrincipalType":"Group","RightName":"GenericAll","IsInherited":false},{"PrincipalSID":"S-1-5-21-2114632580-3846802281-445514413-519","PrincipalType":"Group","RightName":"GenericAll","IsInherited":true},{"PrincipalSID":"ITTECH.CORP-S-1-5-32-544","PrincipalType":"Group","RightName":"WriteDacl","IsInherited":true},{"PrincipalSID":"ITTECH.CORP-S-1-5-32-544","PrincipalType":"Group","RightName":"WriteOwner","IsInherited":true}],"ObjectIdentifier":"B7170946-FEE5-43B8-BB31-AB75A513559D","IsDeleted":false,"IsACLProtected":false},{"Properties":{"domain":"ITTECH.CORP","name":"MEETINGS@ITTECH.CORP","distinguishedname":"CN=MEETINGS,CN=SYSTEM,DC=ITTECH,DC=CORP","domainsid":"S-1-5-21-2114632580-3846802281-445514413","highvalue":false},"ChildObjects":[],"Aces":[{"PrincipalSID":"S-1-5-21-2114632580-3846802281-445514413-512","PrincipalType":"Group","RightName":"Owns","IsInherited":false},{"PrincipalSID":"S-1-5-21-2114632580-3846802281-445514413-512","PrincipalType":"Group","RightName":"WriteDacl","IsInherited":false},{"PrincipalSID":"S-1-5-21-2114632580-3846802281-445514413-512","PrincipalType":"Group","RightName":"WriteOwner","IsInherited":false},{"PrincipalSID":"S-1-5-21-2114632580-3846802281-445514413-519","PrincipalType":"Group","RightName":"GenericAll","IsInherited":true},{"PrincipalSID":"ITTECH.CORP-S-1-5-32-544","PrincipalType":"Group","RightName":"WriteDacl","IsInherited":true},{"PrincipalSID":"ITTECH.CORP-S-1-5-32-544","PrincipalType":"Group","RightName":"WriteOwner","IsInherited":true}],"ObjectIdentifier":"2DC5975E-588F-4756-81C5-80E05EAADAB7","IsDeleted":false,"IsACLProtected":false},{"Properties":{"domain":"ITTECH.CORP","name":"PROGRAM DATA@ITTECH.CORP","distinguishedname":"CN=PROGRAM DATA,DC=ITTECH,DC=CORP","domainsid":"S-1-5-21-2114632580-3846802281-445514413","highvalue":false},"ChildObjects":[],"Aces":[{"PrincipalSID":"S-1-5-21-2114632580-3846802281-445514413-512","PrincipalType":"Group","RightName":"Owns","IsInherited":false},{"PrincipalSID":"S-1-5-21-2114632580-3846802281-445514413-512","PrincipalType":"Group","RightName":"GenericAll","IsInherited":false},{"PrincipalSID":"S-1-5-21-2114632580-3846802281-445514413-519","PrincipalType":"Group","RightName":"GenericAll","IsInherited":true},{"PrincipalSID":"ITTECH.CORP-S-1-5-32-544","PrincipalType":"Group","RightName":"WriteDacl","IsInherited":true},{"PrincipalSID":"ITTECH.CORP-S-1-5-32-544","PrincipalType":"Group","RightName":"WriteOwner","IsInherited":true}],"ObjectIdentifier":"EF696CCD-5808-454B-B2DA-DD1B4A44D372","IsDeleted":false,"IsACLProtected":false},{"Properties":{"domain":"ITTECH.CORP","name":"MANAGED SERVICE ACCOUNTS@ITTECH.CORP","distinguishedname":"CN=MANAGED SERVICE ACCOUNTS,DC=ITTECH,DC=CORP","domainsid":"S-1-5-21-2114632580-3846802281-445514413","highvalue":false},"ChildObjects":[{"ObjectIdentifier":"S-1-5-21-2114632580-3846802281-445514413-2602","ObjectType":"User"}],"Aces":[{"PrincipalSID":"S-1-5-21-2114632580-3846802281-445514413-512","PrincipalType":"Group","RightName":"Owns","IsInherited":false},{"PrincipalSID":"S-1-5-21-2114632580-3846802281-445514413-512","PrincipalType":"Group","RightName":"WriteDacl","IsInherited":false},{"PrincipalSID":"S-1-5-21-2114632580-3846802281-445514413-512","PrincipalType":"Group","RightName":"WriteOwner","IsInherited":false},{"PrincipalSID":"S-1-5-21-2114632580-3846802281-445514413-519","PrincipalType":"Group","RightName":"GenericAll","IsInherited":true},{"PrincipalSID":"ITTECH.CORP-S-1-5-32-544","PrincipalType":"Group","RightName":"WriteDacl","IsInherited":true},{"PrincipalSID":"ITTECH.CORP-S-1-5-32-544","PrincipalType":"Group","RightName":"WriteOwner","IsInherited":true}],"ObjectIdentifier":"65FDB2F6-8A0E-4257-9CEB-AC215251688E","IsDeleted":false,"IsACLProtected":false},{"Properties":{"domain":"ITTECH.CORP","name":"POLICIES@ITTECH.CORP","distinguishedname":"CN=POLICIES,CN=SYSTEM,DC=ITTECH,DC=CORP","domainsid":"S-1-5-21-2114632580-3846802281-445514413","highvalue":false},"ChildObjects":[],"Aces":[{"PrincipalSID":"S-1-5-21-2114632580-3846802281-445514413-512","PrincipalType":"Group","RightName":"Owns","IsInherited":false},{"PrincipalSID":"S-1-5-21-2114632580-3846802281-445514413-512","PrincipalType":"Group","RightName":"WriteDacl","IsInherited":false},{"PrincipalSID":"S-1-5-21-2114632580-3846802281-445514413-512","PrincipalType":"Group","RightName":"WriteOwner","IsInherited":false},{"PrincipalSID":"S-1-5-21-2114632580-3846802281-445514413-519","PrincipalType":"Group","RightName":"GenericAll","IsInherited":true},{"PrincipalSID":"ITTECH.CORP-S-1-5-32-544","PrincipalType":"Group","RightName":"WriteDacl","IsInherited":true},{"PrincipalSID":"ITTECH.CORP-S-1-5-32-544","PrincipalType":"Group","RightName":"WriteOwner","IsInherited":true}],"ObjectIdentifier":"AC089BDE-42B5-4397-B9DF-0FA6430F0783","IsDeleted":false,"IsACLProtected":false},{"Properties":{"domain":"ITTECH.CORP","name":"COMPARTITIONS@ITTECH.CORP","distinguishedname":"CN=COMPARTITIONS,CN=SYSTEM,DC=ITTECH,DC=CORP","domainsid":"S-1-5-21-2114632580-3846802281-445514413","highvalue":false},"ChildObjects":[],"Aces":[{"PrincipalSID":"S-1-5-21-2114632580-3846802281-445514413-512","PrincipalType":"Group","RightName":"Owns","IsInherited":false},{"PrincipalSID":"S-1-5-21-2114632580-3846802281-445514413-512","PrincipalType":"Group","RightName":"WriteDacl","IsInherited":false},{"PrincipalSID":"S-1-5-21-2114632580-3846802281-445514413-512","PrincipalType":"Group","RightName":"WriteOwner","IsInherited":false},{"PrincipalSID":"S-1-5-21-2114632580-3846802281-445514413-519","PrincipalType":"Group","RightName":"GenericAll","IsInherited":true},{"PrincipalSID":"ITTECH.CORP-S-1-5-32-544","PrincipalType":"Group","RightName":"WriteDacl","IsInherited":true},{"PrincipalSID":"ITTECH.CORP-S-1-5-32-544","PrincipalType":"Group","RightName":"WriteOwner","IsInherited":true}],"ObjectIdentifier":"8B25EB18-07D5-432F-802F-3F4D3F074143","IsDeleted":false,"IsACLProtected":false},{"Properties":{"domain":"ITTECH.CORP","name":"RAS AND IAS SERVERS ACCESS CHECK@ITTECH.CORP","distinguishedname":"CN=RAS AND IAS SERVERS ACCESS CHECK,CN=SYSTEM,DC=ITTECH,DC=CORP","domainsid":"S-1-5-21-2114632580-3846802281-445514413","highvalue":false},"ChildObjects":[],"Aces":[{"PrincipalSID":"S-1-5-21-2114632580-3846802281-445514413-512","PrincipalType":"Group","RightName":"Owns","IsInherited":false},{"PrincipalSID":"S-1-5-21-2114632580-3846802281-445514413-553","PrincipalType":"Group","RightName":"WriteDacl","IsInherited":false},{"PrincipalSID":"S-1-5-21-2114632580-3846802281-445514413-553","PrincipalType":"Group","RightName":"WriteOwner","IsInherited":false},{"PrincipalSID":"S-1-5-21-2114632580-3846802281-445514413-519","PrincipalType":"Group","RightName":"GenericAll","IsInherited":true},{"PrincipalSID":"ITTECH.CORP-S-1-5-32-544","PrincipalType":"Group","RightName":"WriteDacl","IsInherited":true},{"PrincipalSID":"ITTECH.CORP-S-1-5-32-544","PrincipalType":"Group","RightName":"WriteOwner","IsInherited":true}],"ObjectIdentifier":"430B5161-575B-443B-B60D-82109A35034B","IsDeleted":false,"IsACLProtected":false},{"Properties":{"domain":"ITTECH.CORP","name":"USERS@ITTECH.CORP","distinguishedname":"CN=USERS,DC=ITTECH,DC=CORP","domainsid":"S-1-5-21-2114632580-3846802281-445514413","highvalue":false},"ChildObjects":[{"ObjectIdentifier":"S-1-5-21-2114632580-3846802281-445514413-571","ObjectType":"Group"},{"ObjectIdentifier":"S-1-5-21-2114632580-3846802281-445514413-517","ObjectType":"Group"},{"ObjectIdentifier":"S-1-5-21-2114632580-3846802281-445514413-522","ObjectType":"Group"},{"ObjectIdentifier":"S-1-5-21-2114632580-3846802281-445514413-572","ObjectType":"Group"},{"ObjectIdentifier":"S-1-5-21-2114632580-3846802281-445514413-1101","ObjectType":"Group"},{"ObjectIdentifier":"S-1-5-21-2114632580-3846802281-445514413-1102","ObjectType":"Group"},{"ObjectIdentifier":"S-1-5-21-2114632580-3846802281-445514413-512","ObjectType":"Group"},{"ObjectIdentifier":"S-1-5-21-2114632580-3846802281-445514413-515","ObjectType":"Group"},{"ObjectIdentifier":"S-1-5-21-2114632580-3846802281-445514413-516","ObjectType":"Group"},{"ObjectIdentifier":"S-1-5-21-2114632580-3846802281-445514413-514","ObjectType":"Group"},{"ObjectIdentifier":"S-1-5-21-2114632580-3846802281-445514413-513","ObjectType":"Group"},{"ObjectIdentifier":"S-1-5-21-2114632580-3846802281-445514413-519","ObjectType":"Group"},{"ObjectIdentifier":"S-1-5-21-2114632580-3846802281-445514413-527","ObjectType":"Group"},{"ObjectIdentifier":"S-1-5-21-2114632580-3846802281-445514413-498","ObjectType":"Group"},{"ObjectIdentifier":"S-1-5-21-2114632580-3846802281-445514413-520","ObjectType":"Group"},{"ObjectIdentifier":"S-1-5-21-2114632580-3846802281-445514413-501","ObjectType":"User"},{"ObjectIdentifier":"S-1-5-21-2114632580-3846802281-445514413-500","ObjectType":"User"},{"ObjectIdentifier":"S-1-5-21-2114632580-3846802281-445514413-526","ObjectType":"Group"},{"ObjectIdentifier":"S-1-5-21-2114632580-3846802281-445514413-502","ObjectType":"User"},{"ObjectIdentifier":"S-1-5-21-2114632580-3846802281-445514413-525","ObjectType":"Group"},{"ObjectIdentifier":"S-1-5-21-2114632580-3846802281-445514413-553","ObjectType":"Group"},{"ObjectIdentifier":"S-1-5-21-2114632580-3846802281-445514413-521","ObjectType":"Group"},{"ObjectIdentifier":"S-1-5-21-2114632580-3846802281-445514413-518","ObjectType":"Group"},{"ObjectIdentifier":"S-1-5-21-2114632580-3846802281-445514413-2603","ObjectType":"User"},{"ObjectIdentifier":"S-1-5-21-2114632580-3846802281-445514413-2601","ObjectType":"User"}],"Aces":[{"PrincipalSID":"S-1-5-21-2114632580-3846802281-445514413-512","PrincipalType":"Group","RightName":"Owns","IsInherited":false},{"PrincipalSID":"S-1-5-21-2114632580-3846802281-445514413-512","PrincipalType":"Group","RightName":"WriteDacl","IsInherited":false},{"PrincipalSID":"S-1-5-21-2114632580-3846802281-445514413-512","PrincipalType":"Group","RightName":"WriteOwner","IsInherited":false},{"PrincipalSID":"S-1-5-21-2114632580-3846802281-445514413-519","PrincipalType":"Group","RightName":"GenericAll","IsInherited":true},{"PrincipalSID":"ITTECH.CORP-S-1-5-32-544","PrincipalType":"Group","RightName":"WriteDacl","IsInherited":true},{"PrincipalSID":"ITTECH.CORP-S-1-5-32-544","PrincipalType":"Group","RightName":"WriteOwner","IsInherited":true}],"ObjectIdentifier":"0D36A878-0A37-430D-BEAA-7DAFD61B67E6","IsDeleted":false,"IsACLProtected":false},{"Properties":{"domain":"ITTECH.CORP","name":"WINSOCKSERVICES@ITTECH.CORP","distinguishedname":"CN=WINSOCKSERVICES,CN=SYSTEM,DC=ITTECH,DC=CORP","domainsid":"S-1-5-21-2114632580-3846802281-445514413","highvalue":false},"ChildObjects":[],"Aces":[{"PrincipalSID":"S-1-5-21-2114632580-3846802281-445514413-512","PrincipalType":"Group","RightName":"Owns","IsInherited":false},{"PrincipalSID":"S-1-5-21-2114632580-3846802281-445514413-512","PrincipalType":"Group","RightName":"WriteDacl","IsInherited":false},{"PrincipalSID":"S-1-5-21-2114632580-3846802281-445514413-512","PrincipalType":"Group","RightName":"WriteOwner","IsInherited":false},{"PrincipalSID":"S-1-5-21-2114632580-3846802281-445514413-519","PrincipalType":"Group","RightName":"GenericAll","IsInherited":true},{"PrincipalSID":"ITTECH.CORP-S-1-5-32-544","PrincipalType":"Group","RightName":"WriteDacl","IsInherited":true},{"PrincipalSID":"ITTECH.CORP-S-1-5-32-544","PrincipalType":"Group","RightName":"WriteOwner","IsInherited":true}],"ObjectIdentifier":"512FD857-C1E9-4DA3-90AD-2953E2F5BBC8","IsDeleted":false,"IsACLProtected":false},{"Properties":{"domain":"ITTECH.CORP","name":"MICROSOFT@ITTECH.CORP","distinguishedname":"CN=MICROSOFT,CN=PROGRAM DATA,DC=ITTECH,DC=CORP","domainsid":"S-1-5-21-2114632580-3846802281-445514413","highvalue":false},"ChildObjects":[],"Aces":[{"PrincipalSID":"S-1-5-21-2114632580-3846802281-445514413-512","PrincipalType":"Group","RightName":"Owns","IsInherited":false},{"PrincipalSID":"S-1-5-21-2114632580-3846802281-445514413-512","PrincipalType":"Group","RightName":"GenericAll","IsInherited":false},{"PrincipalSID":"S-1-5-21-2114632580-3846802281-445514413-519","PrincipalType":"Group","RightName":"GenericAll","IsInherited":true},{"PrincipalSID":"ITTECH.CORP-S-1-5-32-544","PrincipalType":"Group","RightName":"WriteDacl","IsInherited":true},{"PrincipalSID":"ITTECH.CORP-S-1-5-32-544","PrincipalType":"Group","RightName":"WriteOwner","IsInherited":true}],"ObjectIdentifier":"847FE3C0-4091-4757-8614-1E7D0E28DA59","IsDeleted":false,"IsACLProtected":false},{"Properties":{"domain":"ITTECH.CORP","name":"RPCSERVICES@ITTECH.CORP","distinguishedname":"CN=RPCSERVICES,CN=SYSTEM,DC=ITTECH,DC=CORP","domainsid":"S-1-5-21-2114632580-3846802281-445514413","highvalue":false},"ChildObjects":[],"Aces":[{"PrincipalSID":"S-1-5-21-2114632580-3846802281-445514413-512","PrincipalType":"Group","RightName":"Owns","IsInherited":false},{"PrincipalSID":"S-1-5-21-2114632580-3846802281-445514413-512","PrincipalType":"Group","RightName":"WriteDacl","IsInherited":false},{"PrincipalSID":"S-1-5-21-2114632580-3846802281-445514413-512","PrincipalType":"Group","RightName":"WriteOwner","IsInherited":false},{"PrincipalSID":"S-1-5-21-2114632580-3846802281-445514413-519","PrincipalType":"Group","RightName":"GenericAll","IsInherited":true},{"PrincipalSID":"ITTECH.CORP-S-1-5-32-544","PrincipalType":"Group","RightName":"WriteDacl","IsInherited":true},{"PrincipalSID":"ITTECH.CORP-S-1-5-32-544","PrincipalType":"Group","RightName":"WriteOwner","IsInherited":true}],"ObjectIdentifier":"F5F2CDF1-B9DD-44C4-AC67-8C3FFA77A011","IsDeleted":false,"IsACLProtected":false},{"Properties":{"domain":"ITTECH.CORP","name":"SYSTEM@ITTECH.CORP","distinguishedname":"CN=SYSTEM,DC=ITTECH,DC=CORP","domainsid":"S-1-5-21-2114632580-3846802281-445514413","highvalue":false},"ChildObjects":[],"Aces":[{"PrincipalSID":"S-1-5-21-2114632580-3846802281-445514413-512","PrincipalType":"Group","RightName":"Owns","IsInherited":false},{"PrincipalSID":"S-1-5-21-2114632580-3846802281-445514413-512","PrincipalType":"Group","RightName":"WriteDacl","IsInherited":false},{"PrincipalSID":"S-1-5-21-2114632580-3846802281-445514413-512","PrincipalType":"Group","RightName":"WriteOwner","IsInherited":false},{"PrincipalSID":"S-1-5-21-2114632580-3846802281-445514413-519","PrincipalType":"Group","RightName":"GenericAll","IsInherited":true},{"PrincipalSID":"ITTECH.CORP-S-1-5-32-544","PrincipalType":"Group","RightName":"WriteDacl","IsInherited":true},{"PrincipalSID":"ITTECH.CORP-S-1-5-32-544","PrincipalType":"Group","RightName":"WriteOwner","IsInherited":true}],"ObjectIdentifier":"2AF4355A-0D6B-4C7E-8D83-C1EEB3015459","IsDeleted":false,"IsACLProtected":false},{"Properties":{"domain":"ITTECH.CORP","name":"COMPARTITIONSETS@ITTECH.CORP","distinguishedname":"CN=COMPARTITIONSETS,CN=SYSTEM,DC=ITTECH,DC=CORP","domainsid":"S-1-5-21-2114632580-3846802281-445514413","highvalue":false},"ChildObjects":[],"Aces":[{"PrincipalSID":"S-1-5-21-2114632580-3846802281-445514413-512","PrincipalType":"Group","RightName":"Owns","IsInherited":false},{"PrincipalSID":"S-1-5-21-2114632580-3846802281-445514413-512","PrincipalType":"Group","RightName":"WriteDacl","IsInherited":false},{"PrincipalSID":"S-1-5-21-2114632580-3846802281-445514413-512","PrincipalType":"Group","RightName":"WriteOwner","IsInherited":false},{"PrincipalSID":"S-1-5-21-2114632580-3846802281-445514413-519","PrincipalType":"Group","RightName":"GenericAll","IsInherited":true},{"PrincipalSID":"ITTECH.CORP-S-1-5-32-544","PrincipalType":"Group","RightName":"WriteDacl","IsInherited":true},{"PrincipalSID":"ITTECH.CORP-S-1-5-32-544","PrincipalType":"Group","RightName":"WriteOwner","IsInherited":true}],"ObjectIdentifier":"A8CE6210-7107-493D-AA3C-B124F11ED92F","IsDeleted":false,"IsACLProtected":false}],"meta":{"methods":29675,"type":"containers","count":21,"version":5}}
