{"data":[{"GPOChanges":{"LocalAdmins":[],"RemoteDesktopUsers":[],"DcomUsers":[],"PSRemoteUsers":[],"AffectedComputers":[]},"Properties":{"domain":"ITTECH.CORP","name":"ITTECH.CORP","distinguishedname":"DC=ITTECH,DC=CORP","domainsid":"S-1-5-21-2114632580-3846802281-445514413","highvalue":true,"description":null,"whencreated":1682676608,"functionallevel":"2016"},"ChildObjects":[{"ObjectIdentifier":"57DB6D2E-AFC9-49EA-B0C5-E22206EDEE4C","ObjectType":"Container"},{"ObjectIdentifier":"22DFE519-A789-4B0D-A929-D6C44C6E966D","ObjectType":"OU"},{"ObjectIdentifier":"B7170946-FEE5-43B8-BB31-AB75A513559D","ObjectType":"Container"},{"ObjectIdentifier":"65FDB2F6-8A0E-4257-9CEB-AC215251688E","ObjectType":"Container"},{"ObjectIdentifier":"FF4BB25A-8481-4B1D-BB10-B4E4357FFFA0","ObjectType":"OU"},{"ObjectIdentifier":"0D36A878-0A37-430D-BEAA-7DAFD61B67E6","ObjectType":"Container"}],"Trusts":[{"TargetDomainSid":"S-1-5-21-3206307419-3532276495-1326643813","TargetDomainName":"ITDEV.CORP","IsTransitive":true,"SidFilteringEnabled":false,"TrustDirection":1,"TrustType":2}],"Links":[{"IsEnforced":false,"GUID":"FCE6B086-32EF-4DFB-A8B7-0CB27D0218A0"}],"Aces":[{"PrincipalSID":"ITTECH.CORP-S-1-5-32-544","PrincipalType":"Group","RightName":"Owns","IsInherited":false},{"PrincipalSID":"ITTECH.CORP-S-1-5-32-544","PrincipalType":"Group","RightName":"WriteDacl","IsInherited":false},{"PrincipalSID":"ITTECH.CORP-S-1-5-32-544","PrincipalType":"Group","RightName":"WriteOwner","IsInherited":false},{"PrincipalSID":"ITTECH.CORP-S-1-5-32-544","PrincipalType":"Group","RightName":"AllExtendedRights","IsInherited":false},{"PrincipalSID":"S-1-5-21-2114632580-3846802281-445514413-512","PrincipalType":"Group","RightName":"WriteDacl","IsInherited":false},{"PrincipalSID":"S-1-5-21-2114632580-3846802281-445514413-512","PrincipalType":"Group","RightName":"WriteOwner","IsInherited":false},{"PrincipalSID":"S-1-5-21-2114632580-3846802281-445514413-512","PrincipalType":"Group","RightName":"AllExtendedRights","IsInherited":false},{"PrincipalSID":"S-1-5-21-2114632580-3846802281-445514413-519","PrincipalType":"Group","RightName":"GenericAll","IsInherited":false},{"PrincipalSID":"ITTECH.CORP-S-1-5-9","PrincipalType":"Group","RightName":"GetChanges","IsInherited":false},{"PrincipalSID":"ITTECH.CORP-S-1-5-9","PrincipalType":"Group","RightName":"GetChangesInFilteredSet","IsInherited":false},{"PrincipalSID":"ITTECH.CORP-S-1-5-32-544","PrincipalType":"Group","RightName":"GetChangesAll","IsInherited":false},{"PrincipalSID":"ITTECH.CORP-S-1-5-32-544","PrincipalType":"Group","RightName":"GetChanges","IsInherited":false},{"PrincipalSID":"ITTECH.CORP-S-1-5-32-544","PrincipalType":"Group","RightName":"GetChangesInFilteredSet","IsInherited":false},{"PrincipalSID":"S-1-5-21-2114632580-3846802281-445514413-498","PrincipalType":"Group","RightName":"GetChanges","IsInherited":false},{"PrincipalSID":"S-1-5-21-2114632580-3846802281-445514413-516","PrincipalType":"Group","RightName":"GetChangesAll","IsInherited":false}],"ObjectIdentifier":"S-1-5-21-2114632580-3846802281-445514413","IsDeleted":false,"IsACLProtected":false}],"meta":{"methods":29675,"type":"domains","count":1,"version":5}}
