{"data":[{"Properties":{"domain":"ITTECH.CORP","name":"EXAMVM.ITTECH.CORP","distinguishedname":"CN=EXAMVM,OU=MANAGEDWORKSTATIONS,DC=ITTECH,DC=CORP","domainsid":"S-1-5-21-2114632580-3846802281-445514413","highvalue":false,"samaccountname":"EXAMVM$","haslaps":true,"description":null,"whencreated":1682677364,"enabled":true,"unconstraineddelegation":false,"trustedtoauth":false,"lastlogon":1728388095,"lastlogontimestamp":1728383397,"pwdlastset":1728384252,"serviceprincipalnames":["WSMAN/examvm","WSMAN/examvm.ittech.corp","TERMSRV/examvm","TERMSRV/examvm.ittech.corp","RestrictedKrbHost/examvm","HOST/examvm","RestrictedKrbHost/examvm.ittech.corp","HOST/examvm.ittech.corp"],"operatingsystem":"Windows Server 2022 Datacenter","sidhistory":[]},"PrimaryGroupSID":"S-1-5-21-2114632580-3846802281-445514413-515","AllowedToDelegate":[],"AllowedToAct":[],"HasSIDHistory":[],"DumpSMSAPassword":[],"Sessions":{"Results":[],"Collected":true,"FailureReason":null},"PrivilegedSessions":{"Results":[],"Collected":false,"FailureReason":null},"RegistrySessions":{"Results":[],"Collected":false,"FailureReason":null},"LocalAdmins":{"Results":[{"ObjectIdentifier":"S-1-5-21-2114632580-3846802281-445514413-512","ObjectType":"Group"}],"Collected":true,"FailureReason":null},"RemoteDesktopUsers":{"Results":[{"ObjectIdentifier":"S-1-5-21-2114632580-3846802281-445514413-2601","ObjectType":"User"}],"Collected":true,"FailureReason":null},"DcomUsers":{"Results":[],"Collected":true,"FailureReason":null},"PSRemoteUsers":{"Results":[],"Collected":true,"FailureReason":null},"Status":null,"Aces":[{"PrincipalSID":"S-1-5-21-2114632580-3846802281-445514413-512","PrincipalType":"Group","RightName":"Owns","IsInherited":false},{"PrincipalSID":"ITTECH.CORP-S-1-5-32-548","PrincipalType":"Group","RightName":"GenericAll","IsInherited":false},{"PrincipalSID":"S-1-5-21-2114632580-3846802281-445514413-512","PrincipalType":"Group","RightName":"GenericAll","IsInherited":false},{"PrincipalSID":"S-1-5-21-2114632580-3846802281-445514413-2601","PrincipalType":"User","RightName":"ReadLAPSPassword","IsInherited":true},{"PrincipalSID":"S-1-5-21-2114632580-3846802281-445514413-526","PrincipalType":"Group","RightName":"AddKeyCredentialLink","IsInherited":true},{"PrincipalSID":"S-1-5-21-2114632580-3846802281-445514413-527","PrincipalType":"Group","RightName":"AddKeyCredentialLink","IsInherited":true},{"PrincipalSID":"S-1-5-21-2114632580-3846802281-445514413-519","PrincipalType":"Group","RightName":"GenericAll","IsInherited":true},{"PrincipalSID":"ITTECH.CORP-S-1-5-32-544","PrincipalType":"Group","RightName":"WriteDacl","IsInherited":true},{"PrincipalSID":"ITTECH.CORP-S-1-5-32-544","PrincipalType":"Group","RightName":"WriteOwner","IsInherited":true},{"PrincipalSID":"ITTECH.CORP-S-1-5-32-544","PrincipalType":"Group","RightName":"AllExtendedRights","IsInherited":true},{"PrincipalSID":"ITTECH.CORP-S-1-5-32-544","PrincipalType":"Group","RightName":"GenericWrite","IsInherited":true}],"ObjectIdentifier":"S-1-5-21-2114632580-3846802281-445514413-1103","IsDeleted":false,"IsACLProtected":false},{"Properties":{"domain":"ITTECH.CORP","name":"IT-DC.ITTECH.CORP","distinguishedname":"CN=IT-DC,OU=DOMAIN CONTROLLERS,DC=ITTECH,DC=CORP","domainsid":"S-1-5-21-2114632580-3846802281-445514413","highvalue":false,"samaccountname":"IT-DC$","haslaps":false,"description":null,"whencreated":1682676659,"enabled":true,"unconstraineddelegation":true,"trustedtoauth":false,"lastlogon":1728386966,"lastlogontimestamp":1728383396,"pwdlastset":1728383385,"serviceprincipalnames":["Dfsr-12F9A27C-BF97-4787-9364-D31B6C55EB04/IT-DC.ittech.corp","TERMSRV/IT-DC","TERMSRV/IT-DC.ittech.corp","ldap/IT-DC.ittech.corp/ForestDnsZones.ittech.corp","ldap/IT-DC.ittech.corp/DomainDnsZones.ittech.corp","DNS/IT-DC.ittech.corp","GC/IT-DC.ittech.corp/ittech.corp","RestrictedKrbHost/IT-DC.ittech.corp","RestrictedKrbHost/IT-DC","RPC/c6dc2f4d-211b-4d50-b377-829ca1ef3841._msdcs.ittech.corp","HOST/IT-DC/IT","HOST/IT-DC.ittech.corp/IT","HOST/IT-DC","HOST/IT-DC.ittech.corp","HOST/IT-DC.ittech.corp/ittech.corp","E3514235-4B06-11D1-AB04-00C04FC2DCD2/c6dc2f4d-211b-4d50-b377-829ca1ef3841/ittech.corp","ldap/IT-DC/IT","ldap/c6dc2f4d-211b-4d50-b377-829ca1ef3841._msdcs.ittech.corp","ldap/IT-DC.ittech.corp/IT","ldap/IT-DC","ldap/IT-DC.ittech.corp","ldap/IT-DC.ittech.corp/ittech.corp"],"operatingsystem":"Windows Server 2022 Datacenter","sidhistory":[]},"PrimaryGroupSID":"S-1-5-21-2114632580-3846802281-445514413-516","AllowedToDelegate":[],"AllowedToAct":[],"HasSIDHistory":[],"DumpSMSAPassword":[],"Sessions":{"Results":[],"Collected":false,"FailureReason":"ERROR_ACCESS_DENIED"},"PrivilegedSessions":{"Results":[],"Collected":false,"FailureReason":null},"RegistrySessions":{"Results":[],"Collected":false,"FailureReason":null},"LocalAdmins":{"Results":[{"ObjectIdentifier":"S-1-5-21-2114632580-3846802281-445514413-500","ObjectType":"User"},{"ObjectIdentifier":"S-1-5-21-2114632580-3846802281-445514413-519","ObjectType":"Group"},{"ObjectIdentifier":"S-1-5-21-2114632580-3846802281-445514413-512","ObjectType":"Group"}],"Collected":true,"FailureReason":null},"RemoteDesktopUsers":{"Results":[],"Collected":true,"FailureReason":null},"DcomUsers":{"Results":[],"Collected":true,"FailureReason":null},"PSRemoteUsers":{"Results":[{"ObjectIdentifier":"S-1-5-21-2114632580-3846802281-445514413-2602","ObjectType":"Base"}],"Collected":true,"FailureReason":null},"Status":null,"Aces":[{"PrincipalSID":"S-1-5-21-2114632580-3846802281-445514413-512","PrincipalType":"Group","RightName":"Owns","IsInherited":false},{"PrincipalSID":"S-1-5-21-2114632580-3846802281-445514413-512","PrincipalType":"Group","RightName":"GenericAll","IsInherited":false},{"PrincipalSID":"S-1-5-21-2114632580-3846802281-445514413-526","PrincipalType":"Group","RightName":"AddKeyCredentialLink","IsInherited":true},{"PrincipalSID":"S-1-5-21-2114632580-3846802281-445514413-527","PrincipalType":"Group","RightName":"AddKeyCredentialLink","IsInherited":true},{"PrincipalSID":"S-1-5-21-2114632580-3846802281-445514413-519","PrincipalType":"Group","RightName":"GenericAll","IsInherited":true},{"PrincipalSID":"ITTECH.CORP-S-1-5-32-544","PrincipalType":"Group","RightName":"WriteDacl","IsInherited":true},{"PrincipalSID":"ITTECH.CORP-S-1-5-32-544","PrincipalType":"Group","RightName":"WriteOwner","IsInherited":true},{"PrincipalSID":"ITTECH.CORP-S-1-5-32-544","PrincipalType":"Group","RightName":"GenericWrite","IsInherited":true}],"ObjectIdentifier":"S-1-5-21-2114632580-3846802281-445514413-1000","IsDeleted":false,"IsACLProtected":false}],"meta":{"methods":29675,"type":"computers","count":2,"version":5}}
