{"data":[{"Properties":{"domain":"ITDEV.CORP","name":"DEV-SRV72.ITDEV.CORP","distinguishedname":"CN=DEV-SRV72,CN=COMPUTERS,DC=ITDEV,DC=CORP","domainsid":"S-1-5-21-3206307419-3532276495-1326643813","highvalue":false,"samaccountname":"DEV-SRV72$","haslaps":false,"description":null,"whencreated":1682677730,"enabled":true,"unconstraineddelegation":false,"trustedtoauth":false,"lastlogon":1729259270,"lastlogontimestamp":1729241976,"pwdlastset":1729242815,"serviceprincipalnames":["WSMAN/dev-srv72","WSMAN/dev-srv72.itdev.corp","TERMSRV/dev-srv72","TERMSRV/dev-srv72.itdev.corp","RestrictedKrbHost/dev-srv72","HOST/dev-srv72","RestrictedKrbHost/dev-srv72.itdev.corp","HOST/dev-srv72.itdev.corp"],"operatingsystem":"Windows Server 2022 Datacenter","sidhistory":[]},"PrimaryGroupSID":"S-1-5-21-3206307419-3532276495-1326643813-515","AllowedToDelegate":[],"AllowedToAct":[],"HasSIDHistory":[],"DumpSMSAPassword":[],"Sessions":{"Results":[],"Collected":false,"FailureReason":"ERROR_ACCESS_DENIED"},"PrivilegedSessions":{"Results":[],"Collected":false,"FailureReason":"ERROR_ACCESS_DENIED"},"RegistrySessions":{"Results":[{"UserSID":"S-1-5-21-3206307419-3532276495-1326643813-3104","ComputerSID":"S-1-5-21-3206307419-3532276495-1326643813-1103"}],"Collected":true,"FailureReason":null},"LocalAdmins":{"Results":[],"Collected":false,"FailureReason":"SAMRPCServerInit Failed"},"RemoteDesktopUsers":{"Results":[],"Collected":false,"FailureReason":"SAMRPCServerInit Failed"},"DcomUsers":{"Results":[],"Collected":false,"FailureReason":"SAMRPCServerInit Failed"},"PSRemoteUsers":{"Results":[],"Collected":false,"FailureReason":"SAMRPCServerInit Failed"},"Status":null,"Aces":[{"PrincipalSID":"S-1-5-21-3206307419-3532276495-1326643813-512","PrincipalType":"Group","RightName":"Owns","IsInherited":false},{"PrincipalSID":"ITDEV.CORP-S-1-5-32-548","PrincipalType":"Group","RightName":"GenericAll","IsInherited":false},{"PrincipalSID":"S-1-5-21-3206307419-3532276495-1326643813-512","PrincipalType":"Group","RightName":"GenericAll","IsInherited":false},{"PrincipalSID":"S-1-5-21-3206307419-3532276495-1326643813-526","PrincipalType":"Group","RightName":"AddKeyCredentialLink","IsInherited":true},{"PrincipalSID":"S-1-5-21-3206307419-3532276495-1326643813-527","PrincipalType":"Group","RightName":"AddKeyCredentialLink","IsInherited":true},{"PrincipalSID":"S-1-5-21-3206307419-3532276495-1326643813-519","PrincipalType":"Group","RightName":"GenericAll","IsInherited":true},{"PrincipalSID":"ITDEV.CORP-S-1-5-32-544","PrincipalType":"Group","RightName":"WriteDacl","IsInherited":true},{"PrincipalSID":"ITDEV.CORP-S-1-5-32-544","PrincipalType":"Group","RightName":"WriteOwner","IsInherited":true},{"PrincipalSID":"ITDEV.CORP-S-1-5-32-544","PrincipalType":"Group","RightName":"GenericWrite","IsInherited":true}],"ObjectIdentifier":"S-1-5-21-3206307419-3532276495-1326643813-1103","IsDeleted":false,"IsACLProtected":false},{"Properties":{"domain":"ITDEV.CORP","name":"DEV-DC.ITDEV.CORP","distinguishedname":"CN=DEV-DC,OU=DOMAIN CONTROLLERS,DC=ITDEV,DC=CORP","domainsid":"S-1-5-21-3206307419-3532276495-1326643813","highvalue":false,"samaccountname":"dev-dc$","haslaps":false,"description":null,"whencreated":1682676804,"enabled":true,"unconstraineddelegation":true,"trustedtoauth":false,"lastlogon":1729245525,"lastlogontimestamp":1729241955,"pwdlastset":1729241944,"serviceprincipalnames":["Dfsr-12F9A27C-BF97-4787-9364-D31B6C55EB04/dev-dc.itdev.corp","TERMSRV/dev-dc","TERMSRV/dev-dc.itdev.corp","ldap/dev-dc.itdev.corp/ForestDnsZones.itdev.corp","ldap/dev-dc.itdev.corp/DomainDnsZones.itdev.corp","DNS/dev-dc.itdev.corp","GC/dev-dc.itdev.corp/itdev.corp","RestrictedKrbHost/dev-dc.itdev.corp","RestrictedKrbHost/dev-dc","RPC/8e3cbec1-50f0-4e46-8017-c77cc618fc90._msdcs.itdev.corp","HOST/dev-dc/DEV","HOST/dev-dc.itdev.corp/DEV","HOST/dev-dc","HOST/dev-dc.itdev.corp","HOST/dev-dc.itdev.corp/itdev.corp","E3514235-4B06-11D1-AB04-00C04FC2DCD2/8e3cbec1-50f0-4e46-8017-c77cc618fc90/itdev.corp","ldap/dev-dc/DEV","ldap/8e3cbec1-50f0-4e46-8017-c77cc618fc90._msdcs.itdev.corp","ldap/dev-dc.itdev.corp/DEV","ldap/dev-dc","ldap/dev-dc.itdev.corp","ldap/dev-dc.itdev.corp/itdev.corp"],"operatingsystem":"Windows Server 2022 Datacenter","sidhistory":[]},"PrimaryGroupSID":"S-1-5-21-3206307419-3532276495-1326643813-516","AllowedToDelegate":[],"AllowedToAct":[],"HasSIDHistory":[],"DumpSMSAPassword":[],"Sessions":{"Results":[],"Collected":false,"FailureReason":"ERROR_ACCESS_DENIED"},"PrivilegedSessions":{"Results":[],"Collected":false,"FailureReason":"ERROR_ACCESS_DENIED"},"RegistrySessions":{"Results":[],"Collected":true,"FailureReason":null},"LocalAdmins":{"Results":[{"ObjectIdentifier":"S-1-5-21-3206307419-3532276495-1326643813-500","ObjectType":"User"},{"ObjectIdentifier":"S-1-5-21-3206307419-3532276495-1326643813-519","ObjectType":"Group"},{"ObjectIdentifier":"S-1-5-21-3206307419-3532276495-1326643813-512","ObjectType":"Group"}],"Collected":true,"FailureReason":null},"RemoteDesktopUsers":{"Results":[],"Collected":true,"FailureReason":null},"DcomUsers":{"Results":[],"Collected":true,"FailureReason":null},"PSRemoteUsers":{"Results":[],"Collected":true,"FailureReason":null},"Status":null,"Aces":[{"PrincipalSID":"S-1-5-21-3206307419-3532276495-1326643813-512","PrincipalType":"Group","RightName":"Owns","IsInherited":false},{"PrincipalSID":"S-1-5-21-3206307419-3532276495-1326643813-512","PrincipalType":"Group","RightName":"GenericAll","IsInherited":false},{"PrincipalSID":"S-1-5-21-3206307419-3532276495-1326643813-526","PrincipalType":"Group","RightName":"AddKeyCredentialLink","IsInherited":true},{"PrincipalSID":"S-1-5-21-3206307419-3532276495-1326643813-527","PrincipalType":"Group","RightName":"AddKeyCredentialLink","IsInherited":true},{"PrincipalSID":"S-1-5-21-3206307419-3532276495-1326643813-519","PrincipalType":"Group","RightName":"GenericAll","IsInherited":true},{"PrincipalSID":"ITDEV.CORP-S-1-5-32-544","PrincipalType":"Group","RightName":"WriteDacl","IsInherited":true},{"PrincipalSID":"ITDEV.CORP-S-1-5-32-544","PrincipalType":"Group","RightName":"WriteOwner","IsInherited":true},{"PrincipalSID":"ITDEV.CORP-S-1-5-32-544","PrincipalType":"Group","RightName":"GenericWrite","IsInherited":true}],"ObjectIdentifier":"S-1-5-21-3206307419-3532276495-1326643813-1000","IsDeleted":false,"IsACLProtected":false}],"meta":{"methods":29695,"type":"computers","count":2,"version":5}}
