{"data":[{"GPOChanges":{"LocalAdmins":[],"RemoteDesktopUsers":[],"DcomUsers":[],"PSRemoteUsers":[],"AffectedComputers":[]},"Properties":{"domain":"ITDEV.CORP","name":"ITDEV.CORP","distinguishedname":"DC=ITDEV,DC=CORP","domainsid":"S-1-5-21-3206307419-3532276495-1326643813","highvalue":true,"description":null,"whencreated":1682676751,"functionallevel":"2016"},"ChildObjects":[{"ObjectIdentifier":"E1790C53-C186-46BB-9F56-6D06F3D54990","ObjectType":"Container"},{"ObjectIdentifier":"B67F99A4-260A-407A-BA70-C2F4428A05F0","ObjectType":"OU"},{"ObjectIdentifier":"A34F94DF-E240-4520-954D-2AE007F6CF25","ObjectType":"Container"},{"ObjectIdentifier":"ED211D54-B186-4593-B9D1-9A109534DF2D","ObjectType":"Container"},{"ObjectIdentifier":"7B2EDE63-70C3-4DDD-80F3-A478B4B7C706","ObjectType":"Container"}],"Trusts":[{"TargetDomainSid":"S-1-5-21-2114632580-3846802281-445514413","TargetDomainName":"ITTECH.CORP","IsTransitive":true,"SidFilteringEnabled":false,"TrustDirection":2,"TrustType":2}],"Links":[{"IsEnforced":false,"GUID":"40C763A5-310A-46F3-8630-3FC0EDAFB3E3"}],"Aces":[{"PrincipalSID":"ITDEV.CORP-S-1-5-32-544","PrincipalType":"Group","RightName":"Owns","IsInherited":false},{"PrincipalSID":"ITDEV.CORP-S-1-5-32-544","PrincipalType":"Group","RightName":"WriteDacl","IsInherited":false},{"PrincipalSID":"ITDEV.CORP-S-1-5-32-544","PrincipalType":"Group","RightName":"WriteOwner","IsInherited":false},{"PrincipalSID":"ITDEV.CORP-S-1-5-32-544","PrincipalType":"Group","RightName":"AllExtendedRights","IsInherited":false},{"PrincipalSID":"S-1-5-21-3206307419-3532276495-1326643813-512","PrincipalType":"Group","RightName":"WriteDacl","IsInherited":false},{"PrincipalSID":"S-1-5-21-3206307419-3532276495-1326643813-512","PrincipalType":"Group","RightName":"WriteOwner","IsInherited":false},{"PrincipalSID":"S-1-5-21-3206307419-3532276495-1326643813-512","PrincipalType":"Group","RightName":"AllExtendedRights","IsInherited":false},{"PrincipalSID":"S-1-5-21-3206307419-3532276495-1326643813-519","PrincipalType":"Group","RightName":"GenericAll","IsInherited":false},{"PrincipalSID":"ITDEV.CORP-S-1-5-9","PrincipalType":"Group","RightName":"GetChanges","IsInherited":false},{"PrincipalSID":"ITDEV.CORP-S-1-5-9","PrincipalType":"Group","RightName":"GetChangesInFilteredSet","IsInherited":false},{"PrincipalSID":"ITDEV.CORP-S-1-5-32-544","PrincipalType":"Group","RightName":"GetChangesAll","IsInherited":false},{"PrincipalSID":"ITDEV.CORP-S-1-5-32-544","PrincipalType":"Group","RightName":"GetChanges","IsInherited":false},{"PrincipalSID":"ITDEV.CORP-S-1-5-32-544","PrincipalType":"Group","RightName":"GetChangesInFilteredSet","IsInherited":false},{"PrincipalSID":"S-1-5-21-3206307419-3532276495-1326643813-498","PrincipalType":"Group","RightName":"GetChanges","IsInherited":false},{"PrincipalSID":"S-1-5-21-3206307419-3532276495-1326643813-516","PrincipalType":"Group","RightName":"GetChangesAll","IsInherited":false}],"ObjectIdentifier":"S-1-5-21-3206307419-3532276495-1326643813","IsDeleted":false,"IsACLProtected":false}],"meta":{"methods":29695,"type":"domains","count":1,"version":5}}
