{"data":[{"Properties":{"domain":"ITDEV.CORP","name":"DEVADMIN@ITDEV.CORP","distinguishedname":"CN=DEVADMIN,CN=USERS,DC=ITDEV,DC=CORP","domainsid":"S-1-5-21-3206307419-3532276495-1326643813","highvalue":false,"samaccountname":"devadmin","description":"Built-in account for administering the computer/domain","whencreated":1682676758,"sensitive":false,"dontreqpreauth":false,"passwordnotreqd":false,"unconstraineddelegation":false,"pwdneverexpires":true,"enabled":true,"trustedtoauth":false,"lastlogon":1683982152,"lastlogontimestamp":1683778745,"pwdlastset":1729242128,"serviceprincipalnames":[],"hasspn":false,"displayname":null,"email":null,"title":null,"homedirectory":null,"userpassword":null,"unixpassword":null,"unicodepassword":null,"sfupassword":null,"logonscript":null,"admincount":true,"sidhistory":[]},"AllowedToDelegate":[],"PrimaryGroupSID":"S-1-5-21-3206307419-3532276495-1326643813-513","HasSIDHistory":[],"SPNTargets":[],"Aces":[{"PrincipalSID":"S-1-5-21-3206307419-3532276495-1326643813-512","PrincipalType":"Group","RightName":"Owns","IsInherited":false},{"PrincipalSID":"ITDEV.CORP-S-1-5-32-544","PrincipalType":"Group","RightName":"WriteDacl","IsInherited":false},{"PrincipalSID":"ITDEV.CORP-S-1-5-32-544","PrincipalType":"Group","RightName":"WriteOwner","IsInherited":false},{"PrincipalSID":"ITDEV.CORP-S-1-5-32-544","PrincipalType":"Group","RightName":"AllExtendedRights","IsInherited":false},{"PrincipalSID":"ITDEV.CORP-S-1-5-32-544","PrincipalType":"Group","RightName":"GenericWrite","IsInherited":false},{"PrincipalSID":"S-1-5-21-3206307419-3532276495-1326643813-512","PrincipalType":"Group","RightName":"WriteDacl","IsInherited":false},{"PrincipalSID":"S-1-5-21-3206307419-3532276495-1326643813-512","PrincipalType":"Group","RightName":"WriteOwner","IsInherited":false},{"PrincipalSID":"S-1-5-21-3206307419-3532276495-1326643813-512","PrincipalType":"Group","RightName":"AllExtendedRights","IsInherited":false},{"PrincipalSID":"S-1-5-21-3206307419-3532276495-1326643813-512","PrincipalType":"Group","RightName":"GenericWrite","IsInherited":false},{"PrincipalSID":"S-1-5-21-3206307419-3532276495-1326643813-519","PrincipalType":"Group","RightName":"WriteDacl","IsInherited":false},{"PrincipalSID":"S-1-5-21-3206307419-3532276495-1326643813-519","PrincipalType":"Group","RightName":"WriteOwner","IsInherited":false},{"PrincipalSID":"S-1-5-21-3206307419-3532276495-1326643813-519","PrincipalType":"Group","RightName":"AllExtendedRights","IsInherited":false},{"PrincipalSID":"S-1-5-21-3206307419-3532276495-1326643813-519","PrincipalType":"Group","RightName":"GenericWrite","IsInherited":false}],"ObjectIdentifier":"S-1-5-21-3206307419-3532276495-1326643813-500","IsDeleted":false,"IsACLProtected":true},{"Properties":{"domain":"ITDEV.CORP","name":"GUEST@ITDEV.CORP","distinguishedname":"CN=GUEST,CN=USERS,DC=ITDEV,DC=CORP","domainsid":"S-1-5-21-3206307419-3532276495-1326643813","highvalue":false,"samaccountname":"Guest","description":"Built-in account for guest access to the computer/domain","whencreated":1682676758,"sensitive":false,"dontreqpreauth":false,"passwordnotreqd":true,"unconstraineddelegation":false,"pwdneverexpires":true,"enabled":false,"trustedtoauth":false,"lastlogon":0,"lastlogontimestamp":-1,"pwdlastset":0,"serviceprincipalnames":[],"hasspn":false,"displayname":null,"email":null,"title":null,"homedirectory":null,"userpassword":null,"unixpassword":null,"unicodepassword":null,"sfupassword":null,"logonscript":null,"admincount":false,"sidhistory":[]},"AllowedToDelegate":[],"PrimaryGroupSID":"S-1-5-21-3206307419-3532276495-1326643813-514","HasSIDHistory":[],"SPNTargets":[],"Aces":[{"PrincipalSID":"ITDEV.CORP-S-1-5-32-544","PrincipalType":"Group","RightName":"Owns","IsInherited":false},{"PrincipalSID":"ITDEV.CORP-S-1-5-32-548","PrincipalType":"Group","RightName":"GenericAll","IsInherited":false},{"PrincipalSID":"S-1-5-21-3206307419-3532276495-1326643813-512","PrincipalType":"Group","RightName":"GenericAll","IsInherited":false},{"PrincipalSID":"S-1-5-21-3206307419-3532276495-1326643813-526","PrincipalType":"Group","RightName":"AddKeyCredentialLink","IsInherited":true},{"PrincipalSID":"S-1-5-21-3206307419-3532276495-1326643813-527","PrincipalType":"Group","RightName":"AddKeyCredentialLink","IsInherited":true},{"PrincipalSID":"S-1-5-21-3206307419-3532276495-1326643813-519","PrincipalType":"Group","RightName":"GenericAll","IsInherited":true},{"PrincipalSID":"ITDEV.CORP-S-1-5-32-544","PrincipalType":"Group","RightName":"WriteDacl","IsInherited":true},{"PrincipalSID":"ITDEV.CORP-S-1-5-32-544","PrincipalType":"Group","RightName":"WriteOwner","IsInherited":true},{"PrincipalSID":"ITDEV.CORP-S-1-5-32-544","PrincipalType":"Group","RightName":"AllExtendedRights","IsInherited":true},{"PrincipalSID":"ITDEV.CORP-S-1-5-32-544","PrincipalType":"Group","RightName":"GenericWrite","IsInherited":true}],"ObjectIdentifier":"S-1-5-21-3206307419-3532276495-1326643813-501","IsDeleted":false,"IsACLProtected":false},{"Properties":{"domain":"ITDEV.CORP","name":"DEVWEBAPP@ITDEV.CORP","distinguishedname":"CN=DEVWEBAPP,CN=USERS,DC=ITDEV,DC=CORP","domainsid":"S-1-5-21-3206307419-3532276495-1326643813","highvalue":false,"samaccountname":"devwebapp","description":null,"whencreated":1683796064,"sensitive":false,"dontreqpreauth":false,"passwordnotreqd":false,"unconstraineddelegation":false,"pwdneverexpires":true,"enabled":true,"trustedtoauth":true,"allowedtodelegate":["time/dev-dc.itdev.corp","time/dev-dc"],"lastlogon":1683975181,"lastlogontimestamp":1683796091,"pwdlastset":1683796064,"serviceprincipalnames":["testapp/dev-srv2.itdev.corp"],"hasspn":true,"displayname":"devwebapp","email":null,"title":null,"homedirectory":null,"userpassword":null,"unixpassword":null,"unicodepassword":null,"sfupassword":null,"logonscript":null,"admincount":false,"sidhistory":[]},"AllowedToDelegate":[{"ObjectIdentifier":"S-1-5-21-3206307419-3532276495-1326643813-1000","ObjectType":"Computer"}],"PrimaryGroupSID":"S-1-5-21-3206307419-3532276495-1326643813-513","HasSIDHistory":[],"SPNTargets":[],"Aces":[{"PrincipalSID":"S-1-5-21-3206307419-3532276495-1326643813-512","PrincipalType":"Group","RightName":"Owns","IsInherited":false},{"PrincipalSID":"ITDEV.CORP-S-1-5-32-548","PrincipalType":"Group","RightName":"GenericAll","IsInherited":false},{"PrincipalSID":"S-1-5-21-3206307419-3532276495-1326643813-512","PrincipalType":"Group","RightName":"GenericAll","IsInherited":false},{"PrincipalSID":"S-1-5-21-3206307419-3532276495-1326643813-526","PrincipalType":"Group","RightName":"AddKeyCredentialLink","IsInherited":true},{"PrincipalSID":"S-1-5-21-3206307419-3532276495-1326643813-527","PrincipalType":"Group","RightName":"AddKeyCredentialLink","IsInherited":true},{"PrincipalSID":"S-1-5-21-3206307419-3532276495-1326643813-519","PrincipalType":"Group","RightName":"GenericAll","IsInherited":true},{"PrincipalSID":"ITDEV.CORP-S-1-5-32-544","PrincipalType":"Group","RightName":"WriteDacl","IsInherited":true},{"PrincipalSID":"ITDEV.CORP-S-1-5-32-544","PrincipalType":"Group","RightName":"WriteOwner","IsInherited":true},{"PrincipalSID":"ITDEV.CORP-S-1-5-32-544","PrincipalType":"Group","RightName":"AllExtendedRights","IsInherited":true},{"PrincipalSID":"ITDEV.CORP-S-1-5-32-544","PrincipalType":"Group","RightName":"GenericWrite","IsInherited":true}],"ObjectIdentifier":"S-1-5-21-3206307419-3532276495-1326643813-3104","IsDeleted":false,"IsACLProtected":false},{"Properties":{"domain":"ITDEV.CORP","name":"KRBTGT@ITDEV.CORP","distinguishedname":"CN=KRBTGT,CN=USERS,DC=ITDEV,DC=CORP","domainsid":"S-1-5-21-3206307419-3532276495-1326643813","highvalue":false,"samaccountname":"krbtgt","description":"Key Distribution Center Service Account","whencreated":1682676804,"sensitive":false,"dontreqpreauth":false,"passwordnotreqd":false,"unconstraineddelegation":false,"pwdneverexpires":false,"enabled":false,"trustedtoauth":false,"lastlogon":0,"lastlogontimestamp":-1,"pwdlastset":1682676804,"serviceprincipalnames":["kadmin/changepw"],"hasspn":true,"displayname":null,"email":null,"title":null,"homedirectory":null,"userpassword":null,"unixpassword":null,"unicodepassword":null,"sfupassword":null,"logonscript":null,"admincount":true,"sidhistory":[]},"AllowedToDelegate":[],"PrimaryGroupSID":"S-1-5-21-3206307419-3532276495-1326643813-513","HasSIDHistory":[],"SPNTargets":[],"Aces":[{"PrincipalSID":"S-1-5-21-3206307419-3532276495-1326643813-512","PrincipalType":"Group","RightName":"Owns","IsInherited":false},{"PrincipalSID":"ITDEV.CORP-S-1-5-32-544","PrincipalType":"Group","RightName":"WriteDacl","IsInherited":false},{"PrincipalSID":"ITDEV.CORP-S-1-5-32-544","PrincipalType":"Group","RightName":"WriteOwner","IsInherited":false},{"PrincipalSID":"ITDEV.CORP-S-1-5-32-544","PrincipalType":"Group","RightName":"AllExtendedRights","IsInherited":false},{"PrincipalSID":"ITDEV.CORP-S-1-5-32-544","PrincipalType":"Group","RightName":"GenericWrite","IsInherited":false},{"PrincipalSID":"S-1-5-21-3206307419-3532276495-1326643813-512","PrincipalType":"Group","RightName":"WriteDacl","IsInherited":false},{"PrincipalSID":"S-1-5-21-3206307419-3532276495-1326643813-512","PrincipalType":"Group","RightName":"WriteOwner","IsInherited":false},{"PrincipalSID":"S-1-5-21-3206307419-3532276495-1326643813-512","PrincipalType":"Group","RightName":"AllExtendedRights","IsInherited":false},{"PrincipalSID":"S-1-5-21-3206307419-3532276495-1326643813-512","PrincipalType":"Group","RightName":"GenericWrite","IsInherited":false},{"PrincipalSID":"S-1-5-21-3206307419-3532276495-1326643813-519","PrincipalType":"Group","RightName":"WriteDacl","IsInherited":false},{"PrincipalSID":"S-1-5-21-3206307419-3532276495-1326643813-519","PrincipalType":"Group","RightName":"WriteOwner","IsInherited":false},{"PrincipalSID":"S-1-5-21-3206307419-3532276495-1326643813-519","PrincipalType":"Group","RightName":"AllExtendedRights","IsInherited":false},{"PrincipalSID":"S-1-5-21-3206307419-3532276495-1326643813-519","PrincipalType":"Group","RightName":"GenericWrite","IsInherited":false}],"ObjectIdentifier":"S-1-5-21-3206307419-3532276495-1326643813-502","IsDeleted":false,"IsACLProtected":true}],"meta":{"methods":29695,"type":"users","count":4,"version":5}}
