{"data":[{"Properties":{"domain":"ITDEV.CORP","name":"WMIPOLICY@ITDEV.CORP","distinguishedname":"CN=WMIPOLICY,CN=SYSTEM,DC=ITDEV,DC=CORP","domainsid":"S-1-5-21-3206307419-3532276495-1326643813","highvalue":false},"ChildObjects":[],"Aces":[{"PrincipalSID":"S-1-5-21-3206307419-3532276495-1326643813-512","PrincipalType":"Group","RightName":"Owns","IsInherited":false},{"PrincipalSID":"S-1-5-21-3206307419-3532276495-1326643813-512","PrincipalType":"Group","RightName":"GenericAll","IsInherited":false},{"PrincipalSID":"S-1-5-21-3206307419-3532276495-1326643813-519","PrincipalType":"Group","RightName":"GenericAll","IsInherited":false}],"ObjectIdentifier":"0A94744B-3317-4D6D-918E-447E3E1C6157","IsDeleted":false,"IsACLProtected":true},{"Properties":{"domain":"ITDEV.CORP","name":"COMPUTERS@ITDEV.CORP","distinguishedname":"CN=COMPUTERS,DC=ITDEV,DC=CORP","domainsid":"S-1-5-21-3206307419-3532276495-1326643813","highvalue":false},"ChildObjects":[{"ObjectIdentifier":"S-1-5-21-3206307419-3532276495-1326643813-1103","ObjectType":"Computer"}],"Aces":[{"PrincipalSID":"S-1-5-21-3206307419-3532276495-1326643813-512","PrincipalType":"Group","RightName":"Owns","IsInherited":false},{"PrincipalSID":"S-1-5-21-3206307419-3532276495-1326643813-512","PrincipalType":"Group","RightName":"WriteDacl","IsInherited":false},{"PrincipalSID":"S-1-5-21-3206307419-3532276495-1326643813-512","PrincipalType":"Group","RightName":"WriteOwner","IsInherited":false},{"PrincipalSID":"S-1-5-21-3206307419-3532276495-1326643813-519","PrincipalType":"Group","RightName":"GenericAll","IsInherited":true},{"PrincipalSID":"ITDEV.CORP-S-1-5-32-544","PrincipalType":"Group","RightName":"WriteDacl","IsInherited":true},{"PrincipalSID":"ITDEV.CORP-S-1-5-32-544","PrincipalType":"Group","RightName":"WriteOwner","IsInherited":true}],"ObjectIdentifier":"E1790C53-C186-46BB-9F56-6D06F3D54990","IsDeleted":false,"IsACLProtected":false},{"Properties":{"domain":"ITDEV.CORP","name":"USERS@ITDEV.CORP","distinguishedname":"CN=USERS,DC=ITDEV,DC=CORP","domainsid":"S-1-5-21-3206307419-3532276495-1326643813","highvalue":false},"ChildObjects":[{"ObjectIdentifier":"S-1-5-21-3206307419-3532276495-1326643813-571","ObjectType":"Group"},{"ObjectIdentifier":"S-1-5-21-3206307419-3532276495-1326643813-517","ObjectType":"Group"},{"ObjectIdentifier":"S-1-5-21-3206307419-3532276495-1326643813-522","ObjectType":"Group"},{"ObjectIdentifier":"S-1-5-21-3206307419-3532276495-1326643813-572","ObjectType":"Group"},{"ObjectIdentifier":"S-1-5-21-3206307419-3532276495-1326643813-500","ObjectType":"User"},{"ObjectIdentifier":"S-1-5-21-3206307419-3532276495-1326643813-3103","ObjectType":"Group"},{"ObjectIdentifier":"S-1-5-21-3206307419-3532276495-1326643813-3104","ObjectType":"User"},{"ObjectIdentifier":"S-1-5-21-3206307419-3532276495-1326643813-1101","ObjectType":"Group"},{"ObjectIdentifier":"S-1-5-21-3206307419-3532276495-1326643813-1102","ObjectType":"Group"},{"ObjectIdentifier":"S-1-5-21-3206307419-3532276495-1326643813-512","ObjectType":"Group"},{"ObjectIdentifier":"S-1-5-21-3206307419-3532276495-1326643813-515","ObjectType":"Group"},{"ObjectIdentifier":"S-1-5-21-3206307419-3532276495-1326643813-516","ObjectType":"Group"},{"ObjectIdentifier":"S-1-5-21-3206307419-3532276495-1326643813-514","ObjectType":"Group"},{"ObjectIdentifier":"S-1-5-21-3206307419-3532276495-1326643813-513","ObjectType":"Group"},{"ObjectIdentifier":"S-1-5-21-3206307419-3532276495-1326643813-519","ObjectType":"Group"},{"ObjectIdentifier":"S-1-5-21-3206307419-3532276495-1326643813-527","ObjectType":"Group"},{"ObjectIdentifier":"S-1-5-21-3206307419-3532276495-1326643813-498","ObjectType":"Group"},{"ObjectIdentifier":"S-1-5-21-3206307419-3532276495-1326643813-520","ObjectType":"Group"},{"ObjectIdentifier":"S-1-5-21-3206307419-3532276495-1326643813-501","ObjectType":"User"},{"ObjectIdentifier":"S-1-5-21-3206307419-3532276495-1326643813-526","ObjectType":"Group"},{"ObjectIdentifier":"S-1-5-21-3206307419-3532276495-1326643813-502","ObjectType":"User"},{"ObjectIdentifier":"S-1-5-21-3206307419-3532276495-1326643813-525","ObjectType":"Group"},{"ObjectIdentifier":"S-1-5-21-3206307419-3532276495-1326643813-553","ObjectType":"Group"},{"ObjectIdentifier":"S-1-5-21-3206307419-3532276495-1326643813-521","ObjectType":"Group"},{"ObjectIdentifier":"S-1-5-21-3206307419-3532276495-1326643813-518","ObjectType":"Group"}],"Aces":[{"PrincipalSID":"S-1-5-21-3206307419-3532276495-1326643813-512","PrincipalType":"Group","RightName":"Owns","IsInherited":false},{"PrincipalSID":"S-1-5-21-3206307419-3532276495-1326643813-512","PrincipalType":"Group","RightName":"WriteDacl","IsInherited":false},{"PrincipalSID":"S-1-5-21-3206307419-3532276495-1326643813-512","PrincipalType":"Group","RightName":"WriteOwner","IsInherited":false},{"PrincipalSID":"S-1-5-21-3206307419-3532276495-1326643813-519","PrincipalType":"Group","RightName":"GenericAll","IsInherited":true},{"PrincipalSID":"ITDEV.CORP-S-1-5-32-544","PrincipalType":"Group","RightName":"WriteDacl","IsInherited":true},{"PrincipalSID":"ITDEV.CORP-S-1-5-32-544","PrincipalType":"Group","RightName":"WriteOwner","IsInherited":true}],"ObjectIdentifier":"7B2EDE63-70C3-4DDD-80F3-A478B4B7C706","IsDeleted":false,"IsACLProtected":false},{"Properties":{"domain":"ITDEV.CORP","name":"RAS AND IAS SERVERS ACCESS CHECK@ITDEV.CORP","distinguishedname":"CN=RAS AND IAS SERVERS ACCESS CHECK,CN=SYSTEM,DC=ITDEV,DC=CORP","domainsid":"S-1-5-21-3206307419-3532276495-1326643813","highvalue":false},"ChildObjects":[],"Aces":[{"PrincipalSID":"S-1-5-21-3206307419-3532276495-1326643813-512","PrincipalType":"Group","RightName":"Owns","IsInherited":false},{"PrincipalSID":"S-1-5-21-3206307419-3532276495-1326643813-553","PrincipalType":"Group","RightName":"WriteDacl","IsInherited":false},{"PrincipalSID":"S-1-5-21-3206307419-3532276495-1326643813-553","PrincipalType":"Group","RightName":"WriteOwner","IsInherited":false},{"PrincipalSID":"S-1-5-21-3206307419-3532276495-1326643813-519","PrincipalType":"Group","RightName":"GenericAll","IsInherited":true},{"PrincipalSID":"ITDEV.CORP-S-1-5-32-544","PrincipalType":"Group","RightName":"WriteDacl","IsInherited":true},{"PrincipalSID":"ITDEV.CORP-S-1-5-32-544","PrincipalType":"Group","RightName":"WriteOwner","IsInherited":true}],"ObjectIdentifier":"2B5EF907-39A2-4217-A75D-5B312894E714","IsDeleted":false,"IsACLProtected":false},{"Properties":{"domain":"ITDEV.CORP","name":"RPCSERVICES@ITDEV.CORP","distinguishedname":"CN=RPCSERVICES,CN=SYSTEM,DC=ITDEV,DC=CORP","domainsid":"S-1-5-21-3206307419-3532276495-1326643813","highvalue":false},"ChildObjects":[],"Aces":[{"PrincipalSID":"S-1-5-21-3206307419-3532276495-1326643813-512","PrincipalType":"Group","RightName":"Owns","IsInherited":false},{"PrincipalSID":"S-1-5-21-3206307419-3532276495-1326643813-512","PrincipalType":"Group","RightName":"WriteDacl","IsInherited":false},{"PrincipalSID":"S-1-5-21-3206307419-3532276495-1326643813-512","PrincipalType":"Group","RightName":"WriteOwner","IsInherited":false},{"PrincipalSID":"S-1-5-21-3206307419-3532276495-1326643813-519","PrincipalType":"Group","RightName":"GenericAll","IsInherited":true},{"PrincipalSID":"ITDEV.CORP-S-1-5-32-544","PrincipalType":"Group","RightName":"WriteDacl","IsInherited":true},{"PrincipalSID":"ITDEV.CORP-S-1-5-32-544","PrincipalType":"Group","RightName":"WriteOwner","IsInherited":true}],"ObjectIdentifier":"3461ED58-F3B8-4E2F-B943-4B42E45C7BDD","IsDeleted":false,"IsACLProtected":false},{"Properties":{"domain":"ITDEV.CORP","name":"PROGRAM DATA@ITDEV.CORP","distinguishedname":"CN=PROGRAM DATA,DC=ITDEV,DC=CORP","domainsid":"S-1-5-21-3206307419-3532276495-1326643813","highvalue":false},"ChildObjects":[],"Aces":[{"PrincipalSID":"S-1-5-21-3206307419-3532276495-1326643813-512","PrincipalType":"Group","RightName":"Owns","IsInherited":false},{"PrincipalSID":"S-1-5-21-3206307419-3532276495-1326643813-512","PrincipalType":"Group","RightName":"GenericAll","IsInherited":false},{"PrincipalSID":"S-1-5-21-3206307419-3532276495-1326643813-519","PrincipalType":"Group","RightName":"GenericAll","IsInherited":true},{"PrincipalSID":"ITDEV.CORP-S-1-5-32-544","PrincipalType":"Group","RightName":"WriteDacl","IsInherited":true},{"PrincipalSID":"ITDEV.CORP-S-1-5-32-544","PrincipalType":"Group","RightName":"WriteOwner","IsInherited":true}],"ObjectIdentifier":"DD3683C2-27F8-4113-A77A-8472637C53E6","IsDeleted":false,"IsACLProtected":false},{"Properties":{"domain":"ITDEV.CORP","name":"FOREIGNSECURITYPRINCIPALS@ITDEV.CORP","distinguishedname":"CN=FOREIGNSECURITYPRINCIPALS,DC=ITDEV,DC=CORP","domainsid":"S-1-5-21-3206307419-3532276495-1326643813","highvalue":false},"ChildObjects":[],"Aces":[{"PrincipalSID":"S-1-5-21-3206307419-3532276495-1326643813-512","PrincipalType":"Group","RightName":"Owns","IsInherited":false},{"PrincipalSID":"S-1-5-21-3206307419-3532276495-1326643813-512","PrincipalType":"Group","RightName":"GenericAll","IsInherited":false},{"PrincipalSID":"S-1-5-21-3206307419-3532276495-1326643813-519","PrincipalType":"Group","RightName":"GenericAll","IsInherited":true},{"PrincipalSID":"ITDEV.CORP-S-1-5-32-544","PrincipalType":"Group","RightName":"WriteDacl","IsInherited":true},{"PrincipalSID":"ITDEV.CORP-S-1-5-32-544","PrincipalType":"Group","RightName":"WriteOwner","IsInherited":true}],"ObjectIdentifier":"A34F94DF-E240-4520-954D-2AE007F6CF25","IsDeleted":false,"IsACLProtected":false},{"Properties":{"domain":"ITDEV.CORP","name":"ADMINSDHOLDER@ITDEV.CORP","distinguishedname":"CN=ADMINSDHOLDER,CN=SYSTEM,DC=ITDEV,DC=CORP","domainsid":"S-1-5-21-3206307419-3532276495-1326643813","highvalue":false},"ChildObjects":[],"Aces":[{"PrincipalSID":"S-1-5-21-3206307419-3532276495-1326643813-512","PrincipalType":"Group","RightName":"Owns","IsInherited":false},{"PrincipalSID":"ITDEV.CORP-S-1-5-32-544","PrincipalType":"Group","RightName":"WriteDacl","IsInherited":false},{"PrincipalSID":"ITDEV.CORP-S-1-5-32-544","PrincipalType":"Group","RightName":"WriteOwner","IsInherited":false},{"PrincipalSID":"S-1-5-21-3206307419-3532276495-1326643813-512","PrincipalType":"Group","RightName":"WriteDacl","IsInherited":false},{"PrincipalSID":"S-1-5-21-3206307419-3532276495-1326643813-512","PrincipalType":"Group","RightName":"WriteOwner","IsInherited":false},{"PrincipalSID":"S-1-5-21-3206307419-3532276495-1326643813-519","PrincipalType":"Group","RightName":"WriteDacl","IsInherited":false},{"PrincipalSID":"S-1-5-21-3206307419-3532276495-1326643813-519","PrincipalType":"Group","RightName":"WriteOwner","IsInherited":false}],"ObjectIdentifier":"3FED00C7-220E-4AB9-9303-59A427E7DA3A","IsDeleted":false,"IsACLProtected":true},{"Properties":{"domain":"ITDEV.CORP","name":"SYSTEM@ITDEV.CORP","distinguishedname":"CN=SYSTEM,DC=ITDEV,DC=CORP","domainsid":"S-1-5-21-3206307419-3532276495-1326643813","highvalue":false},"ChildObjects":[],"Aces":[{"PrincipalSID":"S-1-5-21-3206307419-3532276495-1326643813-512","PrincipalType":"Group","RightName":"Owns","IsInherited":false},{"PrincipalSID":"S-1-5-21-3206307419-3532276495-1326643813-512","PrincipalType":"Group","RightName":"WriteDacl","IsInherited":false},{"PrincipalSID":"S-1-5-21-3206307419-3532276495-1326643813-512","PrincipalType":"Group","RightName":"WriteOwner","IsInherited":false},{"PrincipalSID":"S-1-5-21-3206307419-3532276495-1326643813-519","PrincipalType":"Group","RightName":"GenericAll","IsInherited":true},{"PrincipalSID":"ITDEV.CORP-S-1-5-32-544","PrincipalType":"Group","RightName":"WriteDacl","IsInherited":true},{"PrincipalSID":"ITDEV.CORP-S-1-5-32-544","PrincipalType":"Group","RightName":"WriteOwner","IsInherited":true}],"ObjectIdentifier":"61B313D1-5493-4564-8381-291015264C12","IsDeleted":false,"IsACLProtected":false},{"Properties":{"domain":"ITDEV.CORP","name":"COMPARTITIONS@ITDEV.CORP","distinguishedname":"CN=COMPARTITIONS,CN=SYSTEM,DC=ITDEV,DC=CORP","domainsid":"S-1-5-21-3206307419-3532276495-1326643813","highvalue":false},"ChildObjects":[],"Aces":[{"PrincipalSID":"S-1-5-21-3206307419-3532276495-1326643813-512","PrincipalType":"Group","RightName":"Owns","IsInherited":false},{"PrincipalSID":"S-1-5-21-3206307419-3532276495-1326643813-512","PrincipalType":"Group","RightName":"WriteDacl","IsInherited":false},{"PrincipalSID":"S-1-5-21-3206307419-3532276495-1326643813-512","PrincipalType":"Group","RightName":"WriteOwner","IsInherited":false},{"PrincipalSID":"S-1-5-21-3206307419-3532276495-1326643813-519","PrincipalType":"Group","RightName":"GenericAll","IsInherited":true},{"PrincipalSID":"ITDEV.CORP-S-1-5-32-544","PrincipalType":"Group","RightName":"WriteDacl","IsInherited":true},{"PrincipalSID":"ITDEV.CORP-S-1-5-32-544","PrincipalType":"Group","RightName":"WriteOwner","IsInherited":true}],"ObjectIdentifier":"128029E5-3DC9-4B61-86EC-CEC8B56AD321","IsDeleted":false,"IsACLProtected":false},{"Properties":{"domain":"ITDEV.CORP","name":"POLICYTEMPLATE@ITDEV.CORP","distinguishedname":"CN=POLICYTEMPLATE,CN=WMIPOLICY,CN=SYSTEM,DC=ITDEV,DC=CORP","domainsid":"S-1-5-21-3206307419-3532276495-1326643813","highvalue":false},"ChildObjects":[],"Aces":[{"PrincipalSID":"S-1-5-21-3206307419-3532276495-1326643813-512","PrincipalType":"Group","RightName":"Owns","IsInherited":false},{"PrincipalSID":"S-1-5-21-3206307419-3532276495-1326643813-512","PrincipalType":"Group","RightName":"WriteDacl","IsInherited":false},{"PrincipalSID":"S-1-5-21-3206307419-3532276495-1326643813-512","PrincipalType":"Group","RightName":"WriteOwner","IsInherited":false},{"PrincipalSID":"S-1-5-21-3206307419-3532276495-1326643813-519","PrincipalType":"Group","RightName":"GenericAll","IsInherited":true},{"PrincipalSID":"S-1-5-21-3206307419-3532276495-1326643813-512","PrincipalType":"Group","RightName":"GenericAll","IsInherited":true}],"ObjectIdentifier":"B53DC1DF-DF6A-48AD-BA7A-94966DAB1485","IsDeleted":false,"IsACLProtected":false},{"Properties":{"domain":"ITDEV.CORP","name":"COMPARTITIONSETS@ITDEV.CORP","distinguishedname":"CN=COMPARTITIONSETS,CN=SYSTEM,DC=ITDEV,DC=CORP","domainsid":"S-1-5-21-3206307419-3532276495-1326643813","highvalue":false},"ChildObjects":[],"Aces":[{"PrincipalSID":"S-1-5-21-3206307419-3532276495-1326643813-512","PrincipalType":"Group","RightName":"Owns","IsInherited":false},{"PrincipalSID":"S-1-5-21-3206307419-3532276495-1326643813-512","PrincipalType":"Group","RightName":"WriteDacl","IsInherited":false},{"PrincipalSID":"S-1-5-21-3206307419-3532276495-1326643813-512","PrincipalType":"Group","RightName":"WriteOwner","IsInherited":false},{"PrincipalSID":"S-1-5-21-3206307419-3532276495-1326643813-519","PrincipalType":"Group","RightName":"GenericAll","IsInherited":true},{"PrincipalSID":"ITDEV.CORP-S-1-5-32-544","PrincipalType":"Group","RightName":"WriteDacl","IsInherited":true},{"PrincipalSID":"ITDEV.CORP-S-1-5-32-544","PrincipalType":"Group","RightName":"WriteOwner","IsInherited":true}],"ObjectIdentifier":"34843928-06FE-4DC7-9F60-232988CF9392","IsDeleted":false,"IsACLProtected":false},{"Properties":{"domain":"ITDEV.CORP","name":"MICROSOFT@ITDEV.CORP","distinguishedname":"CN=MICROSOFT,CN=PROGRAM DATA,DC=ITDEV,DC=CORP","domainsid":"S-1-5-21-3206307419-3532276495-1326643813","highvalue":false},"ChildObjects":[],"Aces":[{"PrincipalSID":"S-1-5-21-3206307419-3532276495-1326643813-512","PrincipalType":"Group","RightName":"Owns","IsInherited":false},{"PrincipalSID":"S-1-5-21-3206307419-3532276495-1326643813-512","PrincipalType":"Group","RightName":"GenericAll","IsInherited":false},{"PrincipalSID":"S-1-5-21-3206307419-3532276495-1326643813-519","PrincipalType":"Group","RightName":"GenericAll","IsInherited":true},{"PrincipalSID":"ITDEV.CORP-S-1-5-32-544","PrincipalType":"Group","RightName":"WriteDacl","IsInherited":true},{"PrincipalSID":"ITDEV.CORP-S-1-5-32-544","PrincipalType":"Group","RightName":"WriteOwner","IsInherited":true}],"ObjectIdentifier":"C9B77DBA-0E54-4F2C-B217-D0D3AA0D0BDD","IsDeleted":false,"IsACLProtected":false},{"Properties":{"domain":"ITDEV.CORP","name":"SOM@ITDEV.CORP","distinguishedname":"CN=SOM,CN=WMIPOLICY,CN=SYSTEM,DC=ITDEV,DC=CORP","domainsid":"S-1-5-21-3206307419-3532276495-1326643813","highvalue":false},"ChildObjects":[],"Aces":[{"PrincipalSID":"S-1-5-21-3206307419-3532276495-1326643813-512","PrincipalType":"Group","RightName":"Owns","IsInherited":false},{"PrincipalSID":"S-1-5-21-3206307419-3532276495-1326643813-512","PrincipalType":"Group","RightName":"GenericAll","IsInherited":false},{"PrincipalSID":"S-1-5-21-3206307419-3532276495-1326643813-519","PrincipalType":"Group","RightName":"GenericAll","IsInherited":false}],"ObjectIdentifier":"D8B19091-B7F8-49A4-BCA9-A902B27BD851","IsDeleted":false,"IsACLProtected":true},{"Properties":{"domain":"ITDEV.CORP","name":"MANAGED SERVICE ACCOUNTS@ITDEV.CORP","distinguishedname":"CN=MANAGED SERVICE ACCOUNTS,DC=ITDEV,DC=CORP","domainsid":"S-1-5-21-3206307419-3532276495-1326643813","highvalue":false},"ChildObjects":[],"Aces":[{"PrincipalSID":"S-1-5-21-3206307419-3532276495-1326643813-512","PrincipalType":"Group","RightName":"Owns","IsInherited":false},{"PrincipalSID":"S-1-5-21-3206307419-3532276495-1326643813-512","PrincipalType":"Group","RightName":"WriteDacl","IsInherited":false},{"PrincipalSID":"S-1-5-21-3206307419-3532276495-1326643813-512","PrincipalType":"Group","RightName":"WriteOwner","IsInherited":false},{"PrincipalSID":"S-1-5-21-3206307419-3532276495-1326643813-519","PrincipalType":"Group","RightName":"GenericAll","IsInherited":true},{"PrincipalSID":"ITDEV.CORP-S-1-5-32-544","PrincipalType":"Group","RightName":"WriteDacl","IsInherited":true},{"PrincipalSID":"ITDEV.CORP-S-1-5-32-544","PrincipalType":"Group","RightName":"WriteOwner","IsInherited":true}],"ObjectIdentifier":"ED211D54-B186-4593-B9D1-9A109534DF2D","IsDeleted":false,"IsACLProtected":false},{"Properties":{"domain":"ITDEV.CORP","name":"POLICYTYPE@ITDEV.CORP","distinguishedname":"CN=POLICYTYPE,CN=WMIPOLICY,CN=SYSTEM,DC=ITDEV,DC=CORP","domainsid":"S-1-5-21-3206307419-3532276495-1326643813","highvalue":false},"ChildObjects":[],"Aces":[{"PrincipalSID":"S-1-5-21-3206307419-3532276495-1326643813-512","PrincipalType":"Group","RightName":"Owns","IsInherited":false},{"PrincipalSID":"S-1-5-21-3206307419-3532276495-1326643813-512","PrincipalType":"Group","RightName":"WriteDacl","IsInherited":false},{"PrincipalSID":"S-1-5-21-3206307419-3532276495-1326643813-512","PrincipalType":"Group","RightName":"WriteOwner","IsInherited":false},{"PrincipalSID":"S-1-5-21-3206307419-3532276495-1326643813-519","PrincipalType":"Group","RightName":"GenericAll","IsInherited":true},{"PrincipalSID":"S-1-5-21-3206307419-3532276495-1326643813-512","PrincipalType":"Group","RightName":"GenericAll","IsInherited":true}],"ObjectIdentifier":"84CD77EB-D5B9-44D9-8AC3-95F0ED499B51","IsDeleted":false,"IsACLProtected":false},{"Properties":{"domain":"ITDEV.CORP","name":"WMIGPO@ITDEV.CORP","distinguishedname":"CN=WMIGPO,CN=WMIPOLICY,CN=SYSTEM,DC=ITDEV,DC=CORP","domainsid":"S-1-5-21-3206307419-3532276495-1326643813","highvalue":false},"ChildObjects":[],"Aces":[{"PrincipalSID":"S-1-5-21-3206307419-3532276495-1326643813-512","PrincipalType":"Group","RightName":"Owns","IsInherited":false},{"PrincipalSID":"S-1-5-21-3206307419-3532276495-1326643813-512","PrincipalType":"Group","RightName":"WriteDacl","IsInherited":false},{"PrincipalSID":"S-1-5-21-3206307419-3532276495-1326643813-512","PrincipalType":"Group","RightName":"WriteOwner","IsInherited":false},{"PrincipalSID":"S-1-5-21-3206307419-3532276495-1326643813-519","PrincipalType":"Group","RightName":"GenericAll","IsInherited":true},{"PrincipalSID":"S-1-5-21-3206307419-3532276495-1326643813-512","PrincipalType":"Group","RightName":"GenericAll","IsInherited":true}],"ObjectIdentifier":"938237E5-D9B6-4678-8BBB-5FEFBC2D538A","IsDeleted":false,"IsACLProtected":false},{"Properties":{"domain":"ITDEV.CORP","name":"PSPS@ITDEV.CORP","distinguishedname":"CN=PSPS,CN=SYSTEM,DC=ITDEV,DC=CORP","domainsid":"S-1-5-21-3206307419-3532276495-1326643813","highvalue":false},"ChildObjects":[],"Aces":[{"PrincipalSID":"S-1-5-21-3206307419-3532276495-1326643813-512","PrincipalType":"Group","RightName":"Owns","IsInherited":false},{"PrincipalSID":"S-1-5-21-3206307419-3532276495-1326643813-512","PrincipalType":"Group","RightName":"GenericAll","IsInherited":false},{"PrincipalSID":"S-1-5-21-3206307419-3532276495-1326643813-519","PrincipalType":"Group","RightName":"GenericAll","IsInherited":true},{"PrincipalSID":"ITDEV.CORP-S-1-5-32-544","PrincipalType":"Group","RightName":"WriteDacl","IsInherited":true},{"PrincipalSID":"ITDEV.CORP-S-1-5-32-544","PrincipalType":"Group","RightName":"WriteOwner","IsInherited":true}],"ObjectIdentifier":"47D212DA-B6BB-4025-A305-969856F78D45","IsDeleted":false,"IsACLProtected":false},{"Properties":{"domain":"ITDEV.CORP","name":"MEETINGS@ITDEV.CORP","distinguishedname":"CN=MEETINGS,CN=SYSTEM,DC=ITDEV,DC=CORP","domainsid":"S-1-5-21-3206307419-3532276495-1326643813","highvalue":false},"ChildObjects":[],"Aces":[{"PrincipalSID":"S-1-5-21-3206307419-3532276495-1326643813-512","PrincipalType":"Group","RightName":"Owns","IsInherited":false},{"PrincipalSID":"S-1-5-21-3206307419-3532276495-1326643813-512","PrincipalType":"Group","RightName":"WriteDacl","IsInherited":false},{"PrincipalSID":"S-1-5-21-3206307419-3532276495-1326643813-512","PrincipalType":"Group","RightName":"WriteOwner","IsInherited":false},{"PrincipalSID":"S-1-5-21-3206307419-3532276495-1326643813-519","PrincipalType":"Group","RightName":"GenericAll","IsInherited":true},{"PrincipalSID":"ITDEV.CORP-S-1-5-32-544","PrincipalType":"Group","RightName":"WriteDacl","IsInherited":true},{"PrincipalSID":"ITDEV.CORP-S-1-5-32-544","PrincipalType":"Group","RightName":"WriteOwner","IsInherited":true}],"ObjectIdentifier":"7E245320-76BB-47AA-A368-5BFCDC1E58E4","IsDeleted":false,"IsACLProtected":false},{"Properties":{"domain":"ITDEV.CORP","name":"WINSOCKSERVICES@ITDEV.CORP","distinguishedname":"CN=WINSOCKSERVICES,CN=SYSTEM,DC=ITDEV,DC=CORP","domainsid":"S-1-5-21-3206307419-3532276495-1326643813","highvalue":false},"ChildObjects":[],"Aces":[{"PrincipalSID":"S-1-5-21-3206307419-3532276495-1326643813-512","PrincipalType":"Group","RightName":"Owns","IsInherited":false},{"PrincipalSID":"S-1-5-21-3206307419-3532276495-1326643813-512","PrincipalType":"Group","RightName":"WriteDacl","IsInherited":false},{"PrincipalSID":"S-1-5-21-3206307419-3532276495-1326643813-512","PrincipalType":"Group","RightName":"WriteOwner","IsInherited":false},{"PrincipalSID":"S-1-5-21-3206307419-3532276495-1326643813-519","PrincipalType":"Group","RightName":"GenericAll","IsInherited":true},{"PrincipalSID":"ITDEV.CORP-S-1-5-32-544","PrincipalType":"Group","RightName":"WriteDacl","IsInherited":true},{"PrincipalSID":"ITDEV.CORP-S-1-5-32-544","PrincipalType":"Group","RightName":"WriteOwner","IsInherited":true}],"ObjectIdentifier":"B4951AD2-15C3-4F90-9016-8E8981FED1FD","IsDeleted":false,"IsACLProtected":false},{"Properties":{"domain":"ITDEV.CORP","name":"POLICIES@ITDEV.CORP","distinguishedname":"CN=POLICIES,CN=SYSTEM,DC=ITDEV,DC=CORP","domainsid":"S-1-5-21-3206307419-3532276495-1326643813","highvalue":false},"ChildObjects":[],"Aces":[{"PrincipalSID":"S-1-5-21-3206307419-3532276495-1326643813-512","PrincipalType":"Group","RightName":"Owns","IsInherited":false},{"PrincipalSID":"S-1-5-21-3206307419-3532276495-1326643813-512","PrincipalType":"Group","RightName":"WriteDacl","IsInherited":false},{"PrincipalSID":"S-1-5-21-3206307419-3532276495-1326643813-512","PrincipalType":"Group","RightName":"WriteOwner","IsInherited":false},{"PrincipalSID":"S-1-5-21-3206307419-3532276495-1326643813-519","PrincipalType":"Group","RightName":"GenericAll","IsInherited":true},{"PrincipalSID":"ITDEV.CORP-S-1-5-32-544","PrincipalType":"Group","RightName":"WriteDacl","IsInherited":true},{"PrincipalSID":"ITDEV.CORP-S-1-5-32-544","PrincipalType":"Group","RightName":"WriteOwner","IsInherited":true}],"ObjectIdentifier":"BE701BD8-20BF-4E9E-B9CA-9174F7BC5410","IsDeleted":false,"IsACLProtected":false}],"meta":{"methods":29695,"type":"containers","count":21,"version":5}}
