{"data":[{"GPOChanges":{"LocalAdmins":[],"RemoteDesktopUsers":[],"DcomUsers":[],"PSRemoteUsers":[],"AffectedComputers":[]},"Properties":{"domain":"ITDEV.CORP","name":"DOMAIN CONTROLLERS@ITDEV.CORP","distinguishedname":"OU=DOMAIN CONTROLLERS,DC=ITDEV,DC=CORP","domainsid":"S-1-5-21-3206307419-3532276495-1326643813","highvalue":false,"description":"Default container for domain controllers","whencreated":1682676757,"blocksinheritance":false},"Links":[{"IsEnforced":false,"GUID":"A3DFEAC5-9039-405D-BC46-BED8D38322B1"}],"ChildObjects":[{"ObjectIdentifier":"S-1-5-21-3206307419-3532276495-1326643813-1000","ObjectType":"Computer"}],"Aces":[{"PrincipalSID":"S-1-5-21-3206307419-3532276495-1326643813-512","PrincipalType":"Group","RightName":"Owns","IsInherited":false},{"PrincipalSID":"S-1-5-21-3206307419-3532276495-1326643813-512","PrincipalType":"Group","RightName":"WriteDacl","IsInherited":false},{"PrincipalSID":"S-1-5-21-3206307419-3532276495-1326643813-512","PrincipalType":"Group","RightName":"WriteOwner","IsInherited":false},{"PrincipalSID":"S-1-5-21-3206307419-3532276495-1326643813-519","PrincipalType":"Group","RightName":"GenericAll","IsInherited":true},{"PrincipalSID":"ITDEV.CORP-S-1-5-32-544","PrincipalType":"Group","RightName":"WriteDacl","IsInherited":true},{"PrincipalSID":"ITDEV.CORP-S-1-5-32-544","PrincipalType":"Group","RightName":"WriteOwner","IsInherited":true}],"ObjectIdentifier":"B67F99A4-260A-407A-BA70-C2F4428A05F0","IsDeleted":false,"IsACLProtected":false}],"meta":{"methods":29695,"type":"ous","count":1,"version":5}}
