{"data":[{"Properties":{"domain":"ITDEV.CORP","name":"DEFAULT DOMAIN POLICY@ITDEV.CORP","distinguishedname":"CN={31B2F340-016D-11D2-945F-00C04FB984F9},CN=POLICIES,CN=SYSTEM,DC=ITDEV,DC=CORP","domainsid":"S-1-5-21-3206307419-3532276495-1326643813","highvalue":false,"description":null,"whencreated":1682676757,"gpcpath":"\\\\ITDEV.CORP\\SYSVOL\\ITDEV.CORP\\POLICIES\\{31B2F340-016D-11D2-945F-00C04FB984F9}"},"Aces":[{"PrincipalSID":"S-1-5-21-3206307419-3532276495-1326643813-512","PrincipalType":"Group","RightName":"Owns","IsInherited":false},{"PrincipalSID":"S-1-5-21-3206307419-3532276495-1326643813-512","PrincipalType":"Group","RightName":"WriteDacl","IsInherited":false},{"PrincipalSID":"S-1-5-21-3206307419-3532276495-1326643813-512","PrincipalType":"Group","RightName":"WriteOwner","IsInherited":false},{"PrincipalSID":"S-1-5-21-3206307419-3532276495-1326643813-512","PrincipalType":"Group","RightName":"GenericWrite","IsInherited":false},{"PrincipalSID":"S-1-5-21-3206307419-3532276495-1326643813-512","PrincipalType":"Group","RightName":"WriteDacl","IsInherited":false},{"PrincipalSID":"S-1-5-21-3206307419-3532276495-1326643813-512","PrincipalType":"Group","RightName":"WriteOwner","IsInherited":false},{"PrincipalSID":"S-1-5-21-3206307419-3532276495-1326643813-512","PrincipalType":"Group","RightName":"GenericWrite","IsInherited":false},{"PrincipalSID":"S-1-5-21-3206307419-3532276495-1326643813-519","PrincipalType":"Group","RightName":"WriteDacl","IsInherited":false},{"PrincipalSID":"S-1-5-21-3206307419-3532276495-1326643813-519","PrincipalType":"Group","RightName":"WriteOwner","IsInherited":false},{"PrincipalSID":"S-1-5-21-3206307419-3532276495-1326643813-519","PrincipalType":"Group","RightName":"GenericWrite","IsInherited":false}],"ObjectIdentifier":"40C763A5-310A-46F3-8630-3FC0EDAFB3E3","IsDeleted":false,"IsACLProtected":true},{"Properties":{"domain":"ITDEV.CORP","name":"DEFAULT DOMAIN CONTROLLERS POLICY@ITDEV.CORP","distinguishedname":"CN={6AC1786C-016F-11D2-945F-00C04FB984F9},CN=POLICIES,CN=SYSTEM,DC=ITDEV,DC=CORP","domainsid":"S-1-5-21-3206307419-3532276495-1326643813","highvalue":false,"description":null,"whencreated":1682676757,"gpcpath":"\\\\ITDEV.CORP\\SYSVOL\\ITDEV.CORP\\POLICIES\\{6AC1786C-016F-11D2-945F-00C04FB984F9}"},"Aces":[{"PrincipalSID":"S-1-5-21-3206307419-3532276495-1326643813-512","PrincipalType":"Group","RightName":"Owns","IsInherited":false},{"PrincipalSID":"S-1-5-21-3206307419-3532276495-1326643813-512","PrincipalType":"Group","RightName":"WriteDacl","IsInherited":false},{"PrincipalSID":"S-1-5-21-3206307419-3532276495-1326643813-512","PrincipalType":"Group","RightName":"WriteOwner","IsInherited":false},{"PrincipalSID":"S-1-5-21-3206307419-3532276495-1326643813-512","PrincipalType":"Group","RightName":"GenericWrite","IsInherited":false},{"PrincipalSID":"S-1-5-21-3206307419-3532276495-1326643813-512","PrincipalType":"Group","RightName":"WriteDacl","IsInherited":false},{"PrincipalSID":"S-1-5-21-3206307419-3532276495-1326643813-512","PrincipalType":"Group","RightName":"WriteOwner","IsInherited":false},{"PrincipalSID":"S-1-5-21-3206307419-3532276495-1326643813-512","PrincipalType":"Group","RightName":"GenericWrite","IsInherited":false},{"PrincipalSID":"S-1-5-21-3206307419-3532276495-1326643813-519","PrincipalType":"Group","RightName":"WriteDacl","IsInherited":false},{"PrincipalSID":"S-1-5-21-3206307419-3532276495-1326643813-519","PrincipalType":"Group","RightName":"WriteOwner","IsInherited":false},{"PrincipalSID":"S-1-5-21-3206307419-3532276495-1326643813-519","PrincipalType":"Group","RightName":"GenericWrite","IsInherited":false}],"ObjectIdentifier":"A3DFEAC5-9039-405D-BC46-BED8D38322B1","IsDeleted":false,"IsACLProtected":true}],"meta":{"methods":29695,"type":"gpos","count":2,"version":5}}
